TransactionID,AccountID,CustomerID,BranchID,TransactionDate,Amount,TransactionType,Channel,Status,Description
TXN000001,ACC0328,CUST0328,BR002,2022-02-21,18541.35,Deposit,Mobile,Completed,Direct deposit
TXN000002,ACC0045,CUST0045,BR010,2024-05-14,804.25,Deposit,Mobile,Completed,Loan payment
TXN000003,ACC0367,CUST0367,BR009,2024-05-09,5518.81,Transfer,Online,Completed,Transfer to savings
TXN000004,ACC0175,CUST0175,BR005,2022-11-15,5390.69,Payment,Online,Completed,Interest credit
TXN000005,ACC0310,CUST0310,BR005,2022-03-30,18246.0,Transfer,Branch,Completed,Overdraft fee
TXN000006,ACC0454,CUST0454,BR006,2023-01-29,17617.25,Deposit,Mobile,Failed,Loan payment
TXN000007,ACC0444,CUST0444,BR002,2024-02-18,6956.56,Transfer,ATM,Completed,Service fee
TXN000008,ACC0360,CUST0360,BR002,2022-12-17,13358.16,Deposit,Branch,Failed,Direct deposit
TXN000009,ACC0113,CUST0113,BR006,2022-04-25,5733.91,Deposit,ATM,Completed,Overdraft fee
TXN000010,ACC0449,CUST0449,BR006,2023-03-12,16389.41,Withdrawal,Branch,Completed,Direct deposit
TXN000011,ACC0276,CUST0276,BR005,2024-05-27,22446.59,Withdrawal,Mobile,Completed,Wire transfer
TXN000012,ACC0047,CUST0047,BR001,2022-08-13,3829.5,Deposit,Branch,Completed,Overdraft fee
TXN000013,ACC0240,CUST0240,BR009,2023-05-30,24277.25,Fee,Online,Completed,Direct deposit
TXN000014,ACC0385,CUST0385,BR005,2023-11-28,2797.69,Withdrawal,Branch,Completed,Service fee
TXN000015,ACC0498,CUST0498,BR009,2023-01-01,12696.97,Deposit,ATM,Completed,Loan payment
TXN000016,ACC0079,CUST0079,BR006,2022-11-27,13489.08,Payment,Phone,Completed,Wire transfer
TXN000017,ACC0010,CUST0010,BR002,2024-01-14,21969.26,Fee,ATM,Completed,Overdraft fee
TXN000018,ACC0485,CUST0485,BR002,2022-06-25,18300.37,Fee,Phone,Completed,Wire transfer
TXN000019,ACC0485,CUST0485,BR009,2022-12-05,6633.77,Fee,Branch,Failed,Loan payment
TXN000020,ACC0366,CUST0366,BR005,2024-03-28,24878.78,Transfer,Branch,Completed,Loan payment
TXN000021,ACC0116,CUST0116,BR002,2023-11-24,535.65,Transfer,Phone,Completed,Monthly deposit
TXN000022,ACC0118,CUST0118,BR002,2022-03-06,21492.29,Deposit,Mobile,Completed,Direct deposit
TXN000023,ACC0068,CUST0068,BR010,2024-08-26,6082.5,Transfer,Branch,Completed,Transfer to savings
TXN000024,ACC0182,CUST0182,BR007,2024-04-21,11680.95,Payment,Online,Completed,ATM withdrawal
TXN000025,ACC0128,CUST0128,BR004,2023-01-25,13411.78,Deposit,Mobile,Completed,ATM withdrawal
TXN000026,ACC0227,CUST0227,BR009,2022-07-20,1274.2,Refund,Online,Failed,Loan payment
TXN000027,ACC0086,CUST0086,BR007,2024-09-21,12039.15,Fee,Online,Completed,Transfer to savings
TXN000028,ACC0136,CUST0136,BR008,2023-08-08,10580.96,Refund,Phone,Completed,Loan payment
TXN000029,ACC0152,CUST0152,BR004,2022-04-30,14483.72,Transfer,ATM,Completed,Direct deposit
TXN000030,ACC0471,CUST0471,BR009,2022-11-19,1431.42,Transfer,Mobile,Completed,Loan payment
TXN000031,ACC0207,CUST0207,BR002,2023-05-20,14477.19,Deposit,Online,Completed,Direct deposit
TXN000032,ACC0162,CUST0162,BR005,2023-02-23,16746.45,Withdrawal,ATM,Completed,Service fee
TXN000033,ACC0235,CUST0235,BR006,2022-05-29,242.79,Transfer,Phone,Completed,Loan payment
TXN000034,ACC0260,CUST0260,BR005,2022-09-29,23332.15,Interest,Mobile,Completed,Direct deposit
TXN000035,ACC0361,CUST0361,BR005,2024-12-19,205.5,Fee,ATM,Completed,Bill payment
TXN000036,ACC0136,CUST0136,BR002,2022-08-08,18562.99,Deposit,ATM,Completed,Loan payment
TXN000037,ACC0352,CUST0352,BR005,2024-11-01,12218.41,Interest,Online,Completed,Service fee
TXN000038,ACC0023,CUST0023,BR001,2023-11-15,19280.27,Transfer,ATM,Completed,Transfer to savings
TXN000039,ACC0288,CUST0288,BR001,2022-08-18,1890.34,Interest,Mobile,Pending,Overdraft fee
TXN000040,ACC0283,CUST0283,BR003,2024-05-30,3194.86,Withdrawal,Online,Completed,Loan payment
TXN000041,ACC0342,CUST0342,BR002,2023-12-26,19505.1,Interest,Branch,Completed,Loan payment
TXN000042,ACC0443,CUST0443,BR003,2022-12-29,22036.59,Deposit,ATM,Completed,Loan payment
TXN000043,ACC0137,CUST0137,BR003,2022-08-10,9569.72,Deposit,Branch,Completed,Wire transfer
TXN000044,ACC0180,CUST0180,BR005,2023-04-12,5580.86,Payment,Branch,Pending,Service fee
TXN000045,ACC0180,CUST0180,BR009,2024-03-29,16991.16,Fee,ATM,Completed,Service fee
TXN000046,ACC0092,CUST0092,BR010,2023-06-28,966.05,Transfer,ATM,Completed,Overdraft fee
TXN000047,ACC0262,CUST0262,BR002,2024-02-28,22488.62,Deposit,Online,Completed,Direct deposit
TXN000048,ACC0352,CUST0352,BR004,2024-01-16,10788.12,Interest,ATM,Completed,ATM withdrawal
TXN000049,ACC0369,CUST0369,BR005,2024-11-04,7739.02,Withdrawal,Branch,Completed,Loan payment
TXN000050,ACC0216,CUST0216,BR007,2022-12-23,15391.72,Withdrawal,Phone,Completed,Loan payment
TXN000051,ACC0221,CUST0221,BR010,2023-10-22,11630.05,Withdrawal,Mobile,Completed,Bill payment
TXN000052,ACC0338,CUST0338,BR002,2023-08-05,12891.15,Transfer,ATM,Failed,Loan payment
TXN000053,ACC0345,CUST0345,BR005,2023-04-06,20166.01,Deposit,Online,Completed,ATM withdrawal
TXN000054,ACC0234,CUST0234,BR007,2023-02-03,17961.46,Withdrawal,Branch,Completed,Monthly deposit
TXN000055,ACC0458,CUST0458,BR002,2024-05-20,5478.84,Fee,Phone,Completed,ATM withdrawal
TXN000056,ACC0234,CUST0234,BR003,2024-08-09,16692.77,Refund,Phone,Completed,Wire transfer
TXN000057,ACC0314,CUST0314,BR009,2024-05-23,20765.92,Transfer,Mobile,Completed,Service fee
TXN000058,ACC0385,CUST0385,BR004,2023-07-22,19147.68,Transfer,Mobile,Completed,Service fee
TXN000059,ACC0121,CUST0121,BR005,2023-11-19,7999.54,Transfer,Mobile,Completed,Bill payment
TXN000060,ACC0362,CUST0362,BR004,2022-05-12,10377.55,Withdrawal,Branch,Completed,Transfer to savings
TXN000061,ACC0200,CUST0200,BR010,2022-02-10,21419.73,Payment,Branch,Failed,Service fee
TXN000062,ACC0386,CUST0386,BR007,2024-05-08,13460.13,Payment,Phone,Completed,Service fee
TXN000063,ACC0224,CUST0224,BR008,2022-03-01,9727.54,Payment,Branch,Pending,Bill payment
TXN000064,ACC0319,CUST0319,BR009,2022-02-25,22674.15,Transfer,Online,Completed,Wire transfer
TXN000065,ACC0094,CUST0094,BR001,2023-06-17,9483.81,Deposit,ATM,Pending,Service fee
TXN000066,ACC0386,CUST0386,BR007,2023-06-01,20874.42,Transfer,Phone,Failed,Loan payment
TXN000067,ACC0333,CUST0333,BR002,2022-03-24,18858.29,Interest,Mobile,Completed,Loan payment
TXN000068,ACC0065,CUST0065,BR008,2022-08-23,14103.6,Deposit,ATM,Completed,Overdraft fee
TXN000069,ACC0494,CUST0494,BR002,2022-12-02,24118.37,Deposit,Online,Completed,Transfer to savings
TXN000070,ACC0204,CUST0204,BR004,2022-06-05,14806.53,Fee,Mobile,Completed,Overdraft fee
TXN000071,ACC0413,CUST0413,BR002,2022-03-26,8686.62,Withdrawal,ATM,Completed,Monthly deposit
TXN000072,ACC0435,CUST0435,BR007,2024-09-30,2647.42,Refund,Branch,Completed,Direct deposit
TXN000073,ACC0495,CUST0495,BR005,2024-09-17,11627.2,Fee,Phone,Pending,ATM withdrawal
TXN000074,ACC0143,CUST0143,BR008,2023-05-15,18764.4,Transfer,Branch,Completed,Interest credit
TXN000075,ACC0094,CUST0094,BR008,2023-03-11,8877.08,Withdrawal,ATM,Completed,Service fee
TXN000076,ACC0285,CUST0285,BR001,2024-11-24,23702.08,Deposit,Branch,Completed,Wire transfer
TXN000077,ACC0331,CUST0331,BR008,2024-07-06,19825.39,Deposit,Mobile,Completed,Overdraft fee
TXN000078,ACC0189,CUST0189,BR008,2024-12-23,8600.5,Refund,Phone,Completed,Service fee
TXN000079,ACC0157,CUST0157,BR005,2023-04-18,3025.19,Deposit,Online,Failed,Bill payment
TXN000080,ACC0099,CUST0099,BR004,2024-09-18,6919.73,Transfer,Phone,Failed,Loan payment
TXN000081,ACC0152,CUST0152,BR004,2024-01-10,4494.24,Deposit,Phone,Completed,Monthly deposit
TXN000082,ACC0284,CUST0284,BR005,2022-09-16,15950.36,Payment,Online,Completed,Wire transfer
TXN000083,ACC0246,CUST0246,BR008,2023-11-29,4617.25,Deposit,Branch,Completed,Wire transfer
TXN000084,ACC0038,CUST0038,BR010,2022-04-20,3801.66,Fee,ATM,Completed,Direct deposit
TXN000085,ACC0392,CUST0392,BR007,2023-04-08,19394.58,Withdrawal,Branch,Completed,Transfer to savings
TXN000086,ACC0157,CUST0157,BR010,2022-05-04,15244.68,Payment,Mobile,Completed,ATM withdrawal
TXN000087,ACC0081,CUST0081,BR004,2022-12-22,13804.29,Deposit,Branch,Completed,Service fee
TXN000088,ACC0017,CUST0017,BR004,2023-08-14,17676.83,Payment,Branch,Completed,Service fee
TXN000089,ACC0404,CUST0404,BR010,2023-02-10,10634.22,Transfer,Mobile,Pending,ATM withdrawal
TXN000090,ACC0031,CUST0031,BR003,2023-09-22,14880.15,Fee,ATM,Completed,Service fee
TXN000091,ACC0359,CUST0359,BR007,2023-07-12,12516.8,Transfer,Online,Pending,Interest credit
TXN000092,ACC0310,CUST0310,BR005,2022-02-22,2292.26,Refund,Phone,Completed,Service fee
TXN000093,ACC0296,CUST0296,BR001,2022-12-25,11767.82,Payment,ATM,Completed,Wire transfer
TXN000094,ACC0497,CUST0497,BR002,2024-08-20,8705.55,Withdrawal,Online,Completed,Wire transfer
TXN000095,ACC0148,CUST0148,BR007,2022-03-17,11376.1,Withdrawal,ATM,Completed,Direct deposit
TXN000096,ACC0423,CUST0423,BR001,2024-08-04,10337.06,Deposit,ATM,Completed,Wire transfer
TXN000097,ACC0390,CUST0390,BR001,2023-02-21,6683.74,Deposit,ATM,Completed,ATM withdrawal
TXN000098,ACC0015,CUST0015,BR010,2023-05-06,17747.47,Withdrawal,Online,Completed,ATM withdrawal
TXN000099,ACC0237,CUST0237,BR002,2022-11-12,12464.4,Payment,Phone,Completed,Wire transfer
TXN000100,ACC0242,CUST0242,BR004,2024-07-24,13786.11,Withdrawal,Phone,Pending,ATM withdrawal
TXN000101,ACC0142,CUST0142,BR007,2023-11-28,23356.87,Transfer,Online,Completed,Overdraft fee
TXN000102,ACC0297,CUST0297,BR008,2022-11-01,11169.22,Transfer,ATM,Completed,Wire transfer
TXN000103,ACC0478,CUST0478,BR006,2023-01-22,24519.56,Deposit,Branch,Completed,Monthly deposit
TXN000104,ACC0163,CUST0163,BR008,2024-02-20,9658.11,Payment,Mobile,Completed,Direct deposit
TXN000105,ACC0495,CUST0495,BR010,2023-11-11,21743.81,Fee,Branch,Pending,Monthly deposit
TXN000106,ACC0370,CUST0370,BR003,2024-04-19,21774.61,Refund,Online,Failed,Interest credit
TXN000107,ACC0320,CUST0320,BR007,2022-06-14,21295.61,Fee,Phone,Completed,Wire transfer
TXN000108,ACC0447,CUST0447,BR009,2022-03-15,15440.31,Deposit,ATM,Completed,Transfer to savings
TXN000109,ACC0051,CUST0051,BR002,2024-06-27,4167.46,Withdrawal,Online,Completed,Service fee
TXN000110,ACC0184,CUST0184,BR006,2024-06-01,3647.79,Transfer,Phone,Completed,Bill payment
TXN000111,ACC0041,CUST0041,BR010,2024-02-23,15496.56,Deposit,Phone,Completed,Service fee
TXN000112,ACC0236,CUST0236,BR005,2022-01-20,22473.72,Transfer,ATM,Completed,Wire transfer
TXN000113,ACC0484,CUST0484,BR006,2023-09-05,15977.08,Withdrawal,ATM,Completed,Transfer to savings
TXN000114,ACC0437,CUST0437,BR008,2022-08-07,5937.77,Transfer,Phone,Completed,Monthly deposit
TXN000115,ACC0425,CUST0425,BR007,2023-07-17,212.37,Fee,Online,Completed,Service fee
TXN000116,ACC0398,CUST0398,BR004,2023-12-23,5482.92,Deposit,ATM,Completed,Bill payment
TXN000117,ACC0322,CUST0322,BR002,2022-03-22,7730.23,Withdrawal,Phone,Completed,Service fee
TXN000118,ACC0168,CUST0168,BR007,2022-12-26,5027.86,Payment,ATM,Pending,Bill payment
TXN000119,ACC0132,CUST0132,BR008,2023-08-28,18666.52,Withdrawal,Online,Completed,Loan payment
TXN000120,ACC0441,CUST0441,BR007,2024-01-20,2266.67,Withdrawal,ATM,Completed,Service fee
TXN000121,ACC0300,CUST0300,BR007,2024-01-31,2717.57,Deposit,Online,Failed,Interest credit
TXN000122,ACC0469,CUST0469,BR010,2023-03-30,16194.83,Transfer,Branch,Completed,Transfer to savings
TXN000123,ACC0060,CUST0060,BR003,2022-04-03,23657.08,Withdrawal,Branch,Completed,Direct deposit
TXN000124,ACC0070,CUST0070,BR007,2024-07-18,9281.58,Interest,Phone,Completed,Bill payment
TXN000125,ACC0454,CUST0454,BR007,2022-07-22,20843.99,Transfer,ATM,Completed,Wire transfer
TXN000126,ACC0228,CUST0228,BR004,2024-01-13,2492.87,Payment,Phone,Completed,Monthly deposit
TXN000127,ACC0204,CUST0204,BR005,2023-01-24,24205.49,Interest,Branch,Completed,Overdraft fee
TXN000128,ACC0498,CUST0498,BR001,2022-04-14,19672.0,Deposit,Mobile,Completed,Direct deposit
TXN000129,ACC0107,CUST0107,BR010,2023-03-19,20328.19,Deposit,Mobile,Completed,Service fee
TXN000130,ACC0440,CUST0440,BR003,2022-09-24,13509.98,Payment,Online,Completed,Monthly deposit
TXN000131,ACC0184,CUST0184,BR004,2023-10-26,404.37,Withdrawal,Mobile,Completed,ATM withdrawal
TXN000132,ACC0244,CUST0244,BR008,2024-01-12,12835.82,Deposit,Phone,Completed,Direct deposit
TXN000133,ACC0155,CUST0155,BR008,2022-03-05,1530.03,Transfer,Branch,Completed,Wire transfer
TXN000134,ACC0038,CUST0038,BR002,2023-10-22,15211.35,Deposit,ATM,Completed,Interest credit
TXN000135,ACC0196,CUST0196,BR010,2024-12-22,7379.49,Transfer,Branch,Completed,Direct deposit
TXN000136,ACC0370,CUST0370,BR004,2024-05-30,11294.36,Deposit,ATM,Completed,ATM withdrawal
TXN000137,ACC0161,CUST0161,BR007,2023-10-03,16631.05,Withdrawal,Mobile,Completed,ATM withdrawal
TXN000138,ACC0426,CUST0426,BR002,2022-07-10,10802.59,Payment,ATM,Completed,Overdraft fee
TXN000139,ACC0490,CUST0490,BR009,2023-11-07,16753.63,Withdrawal,Branch,Completed,Service fee
TXN000140,ACC0308,CUST0308,BR005,2023-12-22,2598.98,Transfer,Mobile,Completed,ATM withdrawal
TXN000141,ACC0180,CUST0180,BR009,2024-01-23,2880.98,Withdrawal,Mobile,Pending,Overdraft fee
TXN000142,ACC0315,CUST0315,BR009,2022-02-23,15228.78,Payment,ATM,Completed,Service fee
TXN000143,ACC0472,CUST0472,BR006,2023-12-20,162.58,Fee,Phone,Completed,Monthly deposit
TXN000144,ACC0047,CUST0047,BR009,2023-03-17,9411.1,Transfer,Mobile,Completed,Overdraft fee
TXN000145,ACC0306,CUST0306,BR002,2022-04-18,3897.94,Payment,Online,Completed,Transfer to savings
TXN000146,ACC0249,CUST0249,BR010,2024-06-24,10360.45,Deposit,Phone,Completed,Service fee
TXN000147,ACC0348,CUST0348,BR010,2024-09-23,13178.08,Withdrawal,Mobile,Completed,Monthly deposit
TXN000148,ACC0105,CUST0105,BR005,2023-03-09,19186.06,Payment,ATM,Completed,Transfer to savings
TXN000149,ACC0090,CUST0090,BR003,2024-02-18,13319.23,Deposit,Phone,Completed,ATM withdrawal
TXN000150,ACC0204,CUST0204,BR001,2024-06-12,478.35,Interest,ATM,Completed,Transfer to savings
TXN000151,ACC0149,CUST0149,BR002,2024-04-09,531.21,Withdrawal,Phone,Completed,Interest credit
TXN000152,ACC0046,CUST0046,BR007,2022-08-05,6090.48,Transfer,Phone,Pending,Interest credit
TXN000153,ACC0114,CUST0114,BR006,2022-12-11,1918.72,Transfer,Phone,Pending,Interest credit
TXN000154,ACC0180,CUST0180,BR003,2023-04-29,2579.09,Withdrawal,Mobile,Completed,ATM withdrawal
TXN000155,ACC0091,CUST0091,BR008,2024-08-08,18863.6,Payment,Branch,Pending,Overdraft fee
TXN000156,ACC0166,CUST0166,BR006,2022-11-06,10999.67,Transfer,ATM,Completed,Interest credit
TXN000157,ACC0260,CUST0260,BR002,2023-09-28,11548.94,Deposit,ATM,Completed,ATM withdrawal
TXN000158,ACC0315,CUST0315,BR010,2024-11-04,9618.22,Transfer,Online,Completed,Loan payment
TXN000159,ACC0165,CUST0165,BR010,2024-09-01,12539.17,Refund,Branch,Pending,Interest credit
TXN000160,ACC0366,CUST0366,BR002,2024-10-30,16156.72,Deposit,Branch,Completed,Overdraft fee
TXN000161,ACC0082,CUST0082,BR006,2024-02-03,22949.24,Withdrawal,ATM,Completed,Interest credit
TXN000162,ACC0034,CUST0034,BR006,2022-07-13,13953.5,Withdrawal,ATM,Completed,Overdraft fee
TXN000163,ACC0448,CUST0448,BR003,2023-11-14,2046.73,Payment,ATM,Completed,Transfer to savings
TXN000164,ACC0067,CUST0067,BR010,2022-06-23,7746.45,Withdrawal,ATM,Completed,Direct deposit
TXN000165,ACC0048,CUST0048,BR007,2024-11-07,9052.08,Withdrawal,Mobile,Completed,Wire transfer
TXN000166,ACC0099,CUST0099,BR004,2022-10-09,3882.08,Withdrawal,Online,Completed,Direct deposit
TXN000167,ACC0020,CUST0020,BR006,2022-09-26,14935.19,Deposit,Mobile,Completed,Bill payment
TXN000168,ACC0370,CUST0370,BR008,2022-03-31,10277.36,Payment,Mobile,Completed,Wire transfer
TXN000169,ACC0120,CUST0120,BR009,2023-05-05,7743.6,Fee,Branch,Completed,Overdraft fee
TXN000170,ACC0226,CUST0226,BR008,2023-08-01,19455.32,Transfer,Branch,Completed,Overdraft fee
TXN000171,ACC0071,CUST0071,BR005,2022-04-17,16033.06,Fee,Phone,Completed,Direct deposit
TXN000172,ACC0436,CUST0436,BR002,2023-08-07,2106.04,Deposit,Branch,Completed,Transfer to savings
TXN000173,ACC0047,CUST0047,BR004,2024-07-12,22116.9,Interest,Branch,Completed,Loan payment
TXN000174,ACC0198,CUST0198,BR002,2024-02-07,5621.22,Withdrawal,Online,Completed,Bill payment
TXN000175,ACC0071,CUST0071,BR001,2023-08-11,22935.73,Transfer,Mobile,Completed,Overdraft fee
TXN000176,ACC0003,CUST0003,BR002,2022-02-08,6405.54,Fee,Phone,Completed,Transfer to savings
TXN000177,ACC0057,CUST0057,BR005,2023-05-02,7535.77,Deposit,Branch,Completed,ATM withdrawal
TXN000178,ACC0057,CUST0057,BR008,2022-02-03,15802.55,Transfer,Mobile,Completed,Interest credit
TXN000179,ACC0124,CUST0124,BR010,2024-05-03,4690.97,Payment,Phone,Completed,Direct deposit
TXN000180,ACC0279,CUST0279,BR009,2024-11-05,13858.26,Withdrawal,Branch,Completed,Interest credit
TXN000181,ACC0130,CUST0130,BR001,2024-01-02,19715.12,Withdrawal,Online,Completed,Interest credit
TXN000182,ACC0069,CUST0069,BR001,2023-12-23,13654.88,Fee,Mobile,Completed,Wire transfer
TXN000183,ACC0324,CUST0324,BR003,2022-10-04,1586.88,Payment,Branch,Completed,Loan payment
TXN000184,ACC0454,CUST0454,BR001,2023-10-09,23334.94,Transfer,Phone,Completed,Loan payment
TXN000185,ACC0147,CUST0147,BR006,2022-04-08,21646.3,Withdrawal,Online,Completed,Transfer to savings
TXN000186,ACC0381,CUST0381,BR008,2024-03-02,8482.53,Deposit,Branch,Completed,Service fee
TXN000187,ACC0411,CUST0411,BR002,2024-05-19,1982.39,Transfer,Mobile,Completed,ATM withdrawal
TXN000188,ACC0168,CUST0168,BR005,2023-09-20,11153.43,Payment,Mobile,Completed,Monthly deposit
TXN000189,ACC0373,CUST0373,BR006,2024-06-09,6871.14,Refund,Online,Completed,Interest credit
TXN000190,ACC0263,CUST0263,BR003,2022-03-05,3578.06,Transfer,Branch,Completed,Interest credit
TXN000191,ACC0186,CUST0186,BR007,2022-03-08,15131.32,Payment,ATM,Completed,Overdraft fee
TXN000192,ACC0071,CUST0071,BR009,2024-01-22,9956.87,Transfer,Mobile,Completed,Bill payment
TXN000193,ACC0256,CUST0256,BR009,2024-03-03,22839.43,Deposit,ATM,Completed,Overdraft fee
TXN000194,ACC0147,CUST0147,BR008,2023-02-14,3074.71,Fee,Branch,Completed,ATM withdrawal
TXN000195,ACC0415,CUST0415,BR006,2023-12-13,17741.42,Transfer,ATM,Pending,Bill payment
TXN000196,ACC0407,CUST0407,BR006,2024-11-07,5613.8,Refund,Mobile,Completed,Interest credit
TXN000197,ACC0284,CUST0284,BR010,2024-01-26,11690.47,Refund,Mobile,Completed,Service fee
TXN000198,ACC0204,CUST0204,BR008,2024-12-12,10275.77,Withdrawal,Phone,Failed,ATM withdrawal
TXN000199,ACC0231,CUST0231,BR008,2024-11-25,8619.42,Fee,Phone,Completed,Bill payment
TXN000200,ACC0222,CUST0222,BR009,2022-04-24,20786.46,Transfer,ATM,Completed,Loan payment
TXN000201,ACC0178,CUST0178,BR009,2023-08-05,21149.88,Withdrawal,Phone,Completed,Overdraft fee
TXN000202,ACC0274,CUST0274,BR002,2024-10-26,16028.28,Transfer,Phone,Completed,Overdraft fee
TXN000203,ACC0173,CUST0173,BR010,2022-03-26,20632.65,Deposit,Online,Completed,Service fee
TXN000204,ACC0334,CUST0334,BR004,2024-05-03,15456.53,Deposit,Phone,Failed,Wire transfer
TXN000205,ACC0126,CUST0126,BR007,2023-09-02,11344.07,Payment,Mobile,Completed,Loan payment
TXN000206,ACC0175,CUST0175,BR010,2022-10-22,7821.44,Payment,ATM,Completed,Interest credit
TXN000207,ACC0264,CUST0264,BR009,2022-08-06,7984.71,Transfer,ATM,Completed,Monthly deposit
TXN000208,ACC0149,CUST0149,BR007,2024-05-06,6214.27,Fee,Mobile,Failed,Interest credit
TXN000209,ACC0098,CUST0098,BR003,2024-10-17,24899.28,Transfer,ATM,Completed,Transfer to savings
TXN000210,ACC0259,CUST0259,BR008,2023-05-09,5386.46,Withdrawal,Online,Completed,Wire transfer
TXN000211,ACC0147,CUST0147,BR009,2022-01-17,21180.84,Withdrawal,ATM,Completed,Interest credit
TXN000212,ACC0024,CUST0024,BR007,2022-04-15,14261.34,Deposit,Phone,Completed,Wire transfer
TXN000213,ACC0392,CUST0392,BR009,2023-07-27,20634.53,Transfer,Phone,Failed,Transfer to savings
TXN000214,ACC0192,CUST0192,BR006,2024-01-19,18876.58,Deposit,Phone,Completed,Monthly deposit
TXN000215,ACC0071,CUST0071,BR006,2024-08-28,12988.12,Deposit,Phone,Failed,Interest credit
TXN000216,ACC0084,CUST0084,BR007,2023-09-05,14847.18,Transfer,Phone,Completed,Service fee
TXN000217,ACC0244,CUST0244,BR001,2024-01-25,8287.68,Deposit,Branch,Completed,Monthly deposit
TXN000218,ACC0306,CUST0306,BR008,2023-06-28,24177.1,Payment,Phone,Completed,Overdraft fee
TXN000219,ACC0246,CUST0246,BR003,2024-12-09,15729.34,Transfer,Branch,Completed,Monthly deposit
TXN000220,ACC0294,CUST0294,BR002,2023-01-26,483.24,Withdrawal,Mobile,Completed,Direct deposit
TXN000221,ACC0397,CUST0397,BR010,2024-08-23,21821.71,Payment,Online,Completed,Direct deposit
TXN000222,ACC0167,CUST0167,BR008,2024-12-12,9426.85,Refund,Branch,Completed,Interest credit
TXN000223,ACC0347,CUST0347,BR005,2024-09-18,4814.68,Deposit,Phone,Failed,Service fee
TXN000224,ACC0395,CUST0395,BR005,2023-03-01,17259.1,Transfer,Branch,Failed,Service fee
TXN000225,ACC0148,CUST0148,BR002,2024-02-17,22395.05,Withdrawal,ATM,Completed,Service fee
TXN000226,ACC0022,CUST0022,BR005,2022-06-11,8665.62,Withdrawal,ATM,Completed,Direct deposit
TXN000227,ACC0139,CUST0139,BR009,2023-07-11,3440.45,Transfer,Phone,Completed,Direct deposit
TXN000228,ACC0116,CUST0116,BR004,2022-04-18,2513.95,Withdrawal,Branch,Completed,Monthly deposit
TXN000229,ACC0494,CUST0494,BR009,2022-11-20,10178.62,Interest,Branch,Completed,Service fee
TXN000230,ACC0165,CUST0165,BR005,2022-05-02,22699.34,Deposit,Phone,Completed,Monthly deposit
TXN000231,ACC0468,CUST0468,BR003,2024-05-05,22057.3,Deposit,Online,Completed,Wire transfer
TXN000232,ACC0096,CUST0096,BR005,2022-03-18,241.59,Transfer,Online,Completed,Wire transfer
TXN000233,ACC0329,CUST0329,BR009,2024-12-09,12352.87,Interest,Phone,Completed,ATM withdrawal
TXN000234,ACC0170,CUST0170,BR003,2024-07-28,16210.65,Payment,Online,Completed,Overdraft fee
TXN000235,ACC0346,CUST0346,BR004,2022-12-26,15277.75,Transfer,Branch,Completed,ATM withdrawal
TXN000236,ACC0206,CUST0206,BR002,2023-01-14,24542.31,Transfer,Mobile,Completed,Wire transfer
TXN000237,ACC0386,CUST0386,BR005,2023-11-07,7555.63,Payment,Online,Completed,Loan payment
TXN000238,ACC0032,CUST0032,BR002,2024-08-11,7677.09,Withdrawal,Phone,Pending,Service fee
TXN000239,ACC0354,CUST0354,BR002,2023-08-28,9194.92,Deposit,Mobile,Completed,Overdraft fee
TXN000240,ACC0192,CUST0192,BR007,2024-08-22,18936.19,Fee,Mobile,Completed,Overdraft fee
TXN000241,ACC0448,CUST0448,BR002,2024-12-12,11174.23,Payment,Online,Completed,Direct deposit
TXN000242,ACC0463,CUST0463,BR009,2023-02-19,14321.81,Deposit,ATM,Completed,Loan payment
TXN000243,ACC0368,CUST0368,BR010,2024-09-28,2282.63,Transfer,Online,Completed,Wire transfer
TXN000244,ACC0289,CUST0289,BR001,2024-08-04,16822.47,Withdrawal,Online,Completed,Loan payment
TXN000245,ACC0297,CUST0297,BR002,2022-04-03,10598.2,Payment,Phone,Failed,ATM withdrawal
TXN000246,ACC0479,CUST0479,BR008,2022-03-06,7184.4,Deposit,Mobile,Failed,Transfer to savings
TXN000247,ACC0192,CUST0192,BR007,2024-07-07,21741.81,Interest,Branch,Failed,Direct deposit
TXN000248,ACC0069,CUST0069,BR006,2022-08-31,4470.06,Transfer,Phone,Failed,Monthly deposit
TXN000249,ACC0388,CUST0388,BR001,2023-09-04,11580.47,Payment,Branch,Pending,Loan payment
TXN000250,ACC0236,CUST0236,BR006,2022-11-14,6898.49,Interest,Online,Completed,Overdraft fee
TXN000251,ACC0393,CUST0393,BR001,2023-05-08,5159.98,Deposit,Online,Completed,Monthly deposit
TXN000252,ACC0126,CUST0126,BR001,2024-04-03,10979.68,Transfer,Online,Failed,Loan payment
TXN000253,ACC0418,CUST0418,BR010,2023-10-16,14441.1,Payment,ATM,Pending,Direct deposit
TXN000254,ACC0114,CUST0114,BR007,2023-09-08,6886.1,Transfer,Phone,Pending,Transfer to savings
TXN000255,ACC0285,CUST0285,BR008,2022-04-07,24307.53,Interest,Branch,Completed,Transfer to savings
TXN000256,ACC0210,CUST0210,BR003,2023-09-07,9417.74,Payment,Branch,Completed,Bill payment
TXN000257,ACC0413,CUST0413,BR008,2022-04-29,14064.02,Refund,Phone,Completed,Service fee
TXN000258,ACC0105,CUST0105,BR006,2022-06-11,23056.43,Fee,Online,Pending,Monthly deposit
TXN000259,ACC0138,CUST0138,BR007,2022-03-22,21841.78,Deposit,Phone,Completed,Wire transfer
TXN000260,ACC0107,CUST0107,BR006,2023-09-13,23925.92,Deposit,Mobile,Completed,Wire transfer
TXN000261,ACC0469,CUST0469,BR004,2023-02-23,9921.84,Deposit,ATM,Completed,Direct deposit
TXN000262,ACC0333,CUST0333,BR006,2023-09-24,6546.43,Transfer,Branch,Completed,Wire transfer
TXN000263,ACC0390,CUST0390,BR006,2023-02-21,9273.92,Withdrawal,Phone,Completed,Monthly deposit
TXN000264,ACC0134,CUST0134,BR009,2024-05-05,7386.86,Deposit,Mobile,Pending,Wire transfer
TXN000265,ACC0282,CUST0282,BR006,2023-06-12,19086.38,Transfer,Branch,Completed,Interest credit
TXN000266,ACC0087,CUST0087,BR003,2024-09-27,4609.35,Interest,Online,Pending,ATM withdrawal
TXN000267,ACC0484,CUST0484,BR001,2022-01-14,10315.68,Fee,Mobile,Completed,Loan payment
TXN000268,ACC0259,CUST0259,BR008,2024-02-04,1520.65,Transfer,Phone,Completed,Monthly deposit
TXN000269,ACC0004,CUST0004,BR009,2024-04-22,306.16,Transfer,ATM,Completed,Direct deposit
TXN000270,ACC0417,CUST0417,BR007,2023-01-03,2684.34,Deposit,Mobile,Completed,Service fee
TXN000271,ACC0418,CUST0418,BR006,2023-07-02,19875.46,Deposit,Branch,Completed,Loan payment
TXN000272,ACC0154,CUST0154,BR002,2022-03-06,2346.58,Withdrawal,Phone,Completed,Bill payment
TXN000273,ACC0043,CUST0043,BR008,2024-06-07,16126.23,Withdrawal,Online,Pending,Loan payment
TXN000274,ACC0109,CUST0109,BR010,2024-08-31,6784.67,Interest,ATM,Completed,Monthly deposit
TXN000275,ACC0092,CUST0092,BR006,2022-02-02,24037.12,Transfer,Branch,Completed,Overdraft fee
TXN000276,ACC0124,CUST0124,BR010,2024-03-07,16929.1,Transfer,Branch,Completed,ATM withdrawal
TXN000277,ACC0257,CUST0257,BR006,2022-04-20,2451.17,Deposit,Online,Completed,Overdraft fee
TXN000278,ACC0204,CUST0204,BR006,2022-03-02,15856.73,Payment,Branch,Completed,Transfer to savings
TXN000279,ACC0222,CUST0222,BR003,2024-02-18,2151.5,Transfer,Mobile,Completed,Bill payment
TXN000280,ACC0195,CUST0195,BR003,2024-03-08,7923.79,Deposit,Online,Completed,Service fee
TXN000281,ACC0053,CUST0053,BR003,2022-06-28,4692.92,Withdrawal,Phone,Completed,ATM withdrawal
TXN000282,ACC0182,CUST0182,BR009,2022-07-10,14927.14,Payment,Branch,Completed,ATM withdrawal
TXN000283,ACC0372,CUST0372,BR009,2023-05-13,14303.29,Deposit,Branch,Completed,Service fee
TXN000284,ACC0253,CUST0253,BR003,2022-05-10,4188.51,Withdrawal,ATM,Completed,Service fee
TXN000285,ACC0484,CUST0484,BR004,2024-10-12,14849.22,Deposit,Online,Completed,Transfer to savings
TXN000286,ACC0171,CUST0171,BR010,2024-02-18,20103.87,Withdrawal,ATM,Pending,Overdraft fee
TXN000287,ACC0070,CUST0070,BR005,2023-10-19,15084.25,Payment,Branch,Failed,Interest credit
TXN000288,ACC0150,CUST0150,BR008,2023-05-12,8153.9,Withdrawal,Branch,Failed,Loan payment
TXN000289,ACC0304,CUST0304,BR009,2023-01-04,17046.0,Transfer,Branch,Completed,Service fee
TXN000290,ACC0426,CUST0426,BR002,2024-04-17,16827.71,Deposit,ATM,Completed,Transfer to savings
TXN000291,ACC0405,CUST0405,BR007,2022-06-01,11232.18,Transfer,Phone,Completed,Transfer to savings
TXN000292,ACC0279,CUST0279,BR001,2024-01-07,17543.84,Fee,Phone,Completed,Loan payment
TXN000293,ACC0337,CUST0337,BR006,2022-12-07,16178.53,Deposit,Branch,Completed,Transfer to savings
TXN000294,ACC0055,CUST0055,BR001,2022-07-21,6475.87,Transfer,Phone,Completed,Loan payment
TXN000295,ACC0229,CUST0229,BR006,2024-03-12,11581.95,Payment,Phone,Failed,Wire transfer
TXN000296,ACC0054,CUST0054,BR005,2024-05-01,23014.48,Deposit,Mobile,Completed,Loan payment
TXN000297,ACC0267,CUST0267,BR008,2023-12-15,11909.3,Withdrawal,Branch,Completed,ATM withdrawal
TXN000298,ACC0012,CUST0012,BR006,2022-08-12,16931.71,Deposit,Mobile,Completed,Interest credit
TXN000299,ACC0287,CUST0287,BR007,2024-08-04,5804.07,Withdrawal,Mobile,Completed,Transfer to savings
TXN000300,ACC0015,CUST0015,BR010,2023-02-09,11244.88,Withdrawal,Online,Completed,ATM withdrawal
TXN000301,ACC0296,CUST0296,BR002,2023-01-18,9151.17,Deposit,Online,Pending,Direct deposit
TXN000302,ACC0495,CUST0495,BR006,2024-03-06,15286.6,Transfer,ATM,Completed,Bill payment
TXN000303,ACC0417,CUST0417,BR005,2022-06-23,16806.03,Withdrawal,Mobile,Completed,Bill payment
TXN000304,ACC0262,CUST0262,BR007,2024-05-06,14914.68,Transfer,Branch,Completed,Bill payment
TXN000305,ACC0285,CUST0285,BR003,2024-09-29,7227.98,Deposit,Branch,Pending,Monthly deposit
TXN000306,ACC0249,CUST0249,BR003,2023-02-04,20382.25,Refund,Phone,Completed,Wire transfer
TXN000307,ACC0213,CUST0213,BR008,2024-09-27,4189.66,Transfer,Mobile,Completed,Direct deposit
TXN000308,ACC0148,CUST0148,BR003,2024-07-25,14145.61,Payment,Branch,Completed,ATM withdrawal
TXN000309,ACC0138,CUST0138,BR009,2024-01-22,13555.66,Payment,Branch,Failed,ATM withdrawal
TXN000310,ACC0377,CUST0377,BR004,2023-09-02,21871.5,Deposit,ATM,Completed,Wire transfer
TXN000311,ACC0444,CUST0444,BR002,2023-05-01,5254.86,Payment,ATM,Completed,Transfer to savings
TXN000312,ACC0085,CUST0085,BR010,2022-10-13,19623.38,Fee,Online,Completed,Overdraft fee
TXN000313,ACC0276,CUST0276,BR003,2023-10-25,24475.21,Withdrawal,Phone,Pending,ATM withdrawal
TXN000314,ACC0070,CUST0070,BR007,2022-05-02,24812.23,Fee,Mobile,Completed,Bill payment
TXN000315,ACC0365,CUST0365,BR006,2023-05-22,19039.22,Payment,Branch,Completed,Transfer to savings
TXN000316,ACC0193,CUST0193,BR008,2022-06-04,15844.36,Interest,Online,Completed,Interest credit
TXN000317,ACC0233,CUST0233,BR008,2023-11-02,14553.07,Fee,Online,Completed,Interest credit
TXN000318,ACC0436,CUST0436,BR002,2024-12-30,9948.92,Refund,Mobile,Completed,Service fee
TXN000319,ACC0173,CUST0173,BR009,2022-09-25,14157.89,Transfer,ATM,Completed,Monthly deposit
TXN000320,ACC0051,CUST0051,BR008,2022-02-03,3114.69,Fee,Branch,Failed,Transfer to savings
TXN000321,ACC0104,CUST0104,BR003,2023-09-11,3982.85,Interest,ATM,Completed,ATM withdrawal
TXN000322,ACC0191,CUST0191,BR003,2022-04-17,9914.58,Withdrawal,Mobile,Completed,ATM withdrawal
TXN000323,ACC0001,CUST0001,BR004,2024-09-03,1957.69,Transfer,Phone,Completed,Interest credit
TXN000324,ACC0419,CUST0419,BR002,2024-05-14,17353.83,Transfer,Mobile,Completed,ATM withdrawal
TXN000325,ACC0053,CUST0053,BR006,2024-01-23,22025.91,Deposit,Mobile,Completed,ATM withdrawal
TXN000326,ACC0272,CUST0272,BR010,2022-01-18,15261.88,Deposit,ATM,Completed,Bill payment
TXN000327,ACC0471,CUST0471,BR007,2024-06-25,21500.46,Deposit,Online,Completed,Transfer to savings
TXN000328,ACC0180,CUST0180,BR007,2023-10-07,19779.01,Deposit,Online,Completed,Overdraft fee
TXN000329,ACC0146,CUST0146,BR001,2023-09-10,5144.09,Transfer,Mobile,Completed,Monthly deposit
TXN000330,ACC0402,CUST0402,BR004,2024-10-10,9653.28,Deposit,Phone,Pending,Monthly deposit
TXN000331,ACC0185,CUST0185,BR006,2022-09-28,9677.09,Fee,Branch,Completed,Wire transfer
TXN000332,ACC0489,CUST0489,BR002,2022-02-04,14688.21,Deposit,Mobile,Completed,Transfer to savings
TXN000333,ACC0260,CUST0260,BR005,2024-10-23,19180.08,Withdrawal,Branch,Completed,Overdraft fee
TXN000334,ACC0079,CUST0079,BR005,2022-06-21,7754.57,Transfer,Mobile,Completed,Interest credit
TXN000335,ACC0201,CUST0201,BR010,2022-05-16,7761.14,Withdrawal,Mobile,Completed,Transfer to savings
TXN000336,ACC0060,CUST0060,BR008,2022-04-23,7739.16,Payment,Mobile,Completed,Monthly deposit
TXN000337,ACC0084,CUST0084,BR008,2023-12-12,13079.9,Payment,ATM,Completed,Service fee
TXN000338,ACC0376,CUST0376,BR002,2022-03-02,8381.93,Withdrawal,Phone,Completed,Overdraft fee
TXN000339,ACC0322,CUST0322,BR002,2024-10-13,11385.39,Withdrawal,Branch,Completed,Bill payment
TXN000340,ACC0131,CUST0131,BR002,2022-08-25,5717.83,Transfer,Online,Completed,Monthly deposit
TXN000341,ACC0242,CUST0242,BR006,2024-02-24,23006.46,Deposit,Online,Pending,Transfer to savings
TXN000342,ACC0115,CUST0115,BR006,2023-05-24,10412.25,Payment,ATM,Completed,ATM withdrawal
TXN000343,ACC0258,CUST0258,BR001,2023-01-03,5587.39,Transfer,Online,Completed,Wire transfer
TXN000344,ACC0444,CUST0444,BR005,2023-09-29,8189.25,Transfer,Online,Completed,Service fee
TXN000345,ACC0379,CUST0379,BR010,2023-05-12,11603.53,Transfer,Branch,Completed,Direct deposit
TXN000346,ACC0390,CUST0390,BR004,2022-11-05,169.38,Withdrawal,Mobile,Completed,Monthly deposit
TXN000347,ACC0487,CUST0487,BR006,2022-01-03,18975.64,Withdrawal,ATM,Completed,Loan payment
TXN000348,ACC0215,CUST0215,BR008,2022-05-03,24314.26,Deposit,ATM,Failed,Direct deposit
TXN000349,ACC0212,CUST0212,BR006,2024-07-27,24364.12,Deposit,Online,Completed,Transfer to savings
TXN000350,ACC0039,CUST0039,BR010,2022-05-08,10880.22,Refund,Mobile,Pending,Transfer to savings
TXN000351,ACC0359,CUST0359,BR006,2023-10-14,11324.42,Deposit,Mobile,Completed,ATM withdrawal
TXN000352,ACC0080,CUST0080,BR002,2022-12-03,11244.67,Withdrawal,Online,Failed,Loan payment
TXN000353,ACC0232,CUST0232,BR005,2024-08-06,6632.55,Deposit,Mobile,Completed,Overdraft fee
TXN000354,ACC0021,CUST0021,BR004,2023-11-03,3716.61,Payment,ATM,Completed,Service fee
TXN000355,ACC0134,CUST0134,BR003,2022-03-05,23802.89,Fee,Phone,Completed,Wire transfer
TXN000356,ACC0053,CUST0053,BR003,2022-09-06,308.8,Fee,Mobile,Pending,Interest credit
TXN000357,ACC0352,CUST0352,BR002,2023-06-15,22936.54,Deposit,Online,Completed,Bill payment
TXN000358,ACC0048,CUST0048,BR006,2022-09-08,1076.98,Transfer,Mobile,Completed,Transfer to savings
TXN000359,ACC0255,CUST0255,BR001,2024-02-23,17083.49,Deposit,Mobile,Completed,Wire transfer
TXN000360,ACC0453,CUST0453,BR003,2022-03-12,15356.52,Transfer,ATM,Pending,Wire transfer
TXN000361,ACC0032,CUST0032,BR002,2023-07-27,9581.55,Withdrawal,Phone,Failed,Direct deposit
TXN000362,ACC0407,CUST0407,BR001,2024-02-23,19550.08,Withdrawal,Phone,Completed,Overdraft fee
TXN000363,ACC0258,CUST0258,BR006,2024-03-06,6768.19,Deposit,Phone,Pending,Service fee
TXN000364,ACC0030,CUST0030,BR008,2024-12-20,8942.25,Transfer,Mobile,Completed,Loan payment
TXN000365,ACC0137,CUST0137,BR009,2022-04-25,19103.6,Interest,Phone,Completed,Interest credit
TXN000366,ACC0479,CUST0479,BR003,2022-12-27,5921.41,Withdrawal,ATM,Completed,Interest credit
TXN000367,ACC0486,CUST0486,BR010,2022-10-19,14082.09,Deposit,Branch,Completed,Monthly deposit
TXN000368,ACC0047,CUST0047,BR001,2023-04-22,15045.55,Deposit,Branch,Pending,Loan payment
TXN000369,ACC0413,CUST0413,BR003,2023-11-29,17926.27,Interest,ATM,Completed,Bill payment
TXN000370,ACC0397,CUST0397,BR002,2024-12-13,21518.13,Refund,ATM,Completed,Overdraft fee
TXN000371,ACC0052,CUST0052,BR006,2023-09-11,8071.85,Refund,Branch,Failed,Interest credit
TXN000372,ACC0090,CUST0090,BR009,2024-01-01,5588.7,Transfer,Mobile,Completed,Service fee
TXN000373,ACC0066,CUST0066,BR003,2022-01-04,23720.21,Interest,Branch,Completed,Overdraft fee
TXN000374,ACC0017,CUST0017,BR003,2023-10-14,23026.75,Refund,Mobile,Completed,Wire transfer
TXN000375,ACC0073,CUST0073,BR006,2022-06-09,5957.52,Refund,Mobile,Failed,Interest credit
TXN000376,ACC0229,CUST0229,BR001,2023-06-28,5250.01,Payment,ATM,Completed,Monthly deposit
TXN000377,ACC0025,CUST0025,BR007,2024-06-16,18317.29,Refund,Branch,Completed,Direct deposit
TXN000378,ACC0193,CUST0193,BR002,2024-09-08,19720.36,Transfer,Mobile,Completed,Monthly deposit
TXN000379,ACC0151,CUST0151,BR001,2023-10-15,6535.58,Deposit,ATM,Completed,ATM withdrawal
TXN000380,ACC0281,CUST0281,BR002,2023-11-24,14854.82,Transfer,Branch,Completed,Bill payment
TXN000381,ACC0311,CUST0311,BR007,2022-11-18,1348.36,Withdrawal,Mobile,Completed,Direct deposit
TXN000382,ACC0136,CUST0136,BR005,2023-09-02,5946.33,Deposit,Phone,Completed,Monthly deposit
TXN000383,ACC0185,CUST0185,BR001,2024-05-25,2199.83,Fee,Phone,Completed,Loan payment
TXN000384,ACC0088,CUST0088,BR005,2022-06-17,11844.53,Deposit,Branch,Pending,Service fee
TXN000385,ACC0047,CUST0047,BR009,2024-03-04,4630.18,Interest,ATM,Completed,Wire transfer
TXN000386,ACC0239,CUST0239,BR005,2023-04-09,20928.6,Transfer,Mobile,Completed,ATM withdrawal
TXN000387,ACC0343,CUST0343,BR006,2024-04-27,24267.93,Transfer,Phone,Completed,Direct deposit
TXN000388,ACC0215,CUST0215,BR009,2024-08-30,14322.13,Deposit,ATM,Pending,Monthly deposit
TXN000389,ACC0258,CUST0258,BR010,2024-11-24,20013.25,Payment,Phone,Failed,Wire transfer
TXN000390,ACC0089,CUST0089,BR003,2023-03-10,20213.43,Deposit,Branch,Completed,Loan payment
TXN000391,ACC0422,CUST0422,BR003,2023-06-13,8000.54,Payment,Online,Completed,Direct deposit
TXN000392,ACC0167,CUST0167,BR005,2024-11-30,11459.35,Fee,Phone,Completed,ATM withdrawal
TXN000393,ACC0213,CUST0213,BR003,2022-10-31,14169.18,Transfer,Online,Completed,ATM withdrawal
TXN000394,ACC0403,CUST0403,BR005,2023-12-06,21948.56,Withdrawal,Branch,Completed,Bill payment
TXN000395,ACC0142,CUST0142,BR007,2022-10-22,15459.93,Payment,Branch,Pending,Interest credit
TXN000396,ACC0354,CUST0354,BR004,2022-04-11,18646.29,Interest,ATM,Completed,Service fee
TXN000397,ACC0160,CUST0160,BR005,2024-10-03,21457.29,Payment,Mobile,Failed,Wire transfer
TXN000398,ACC0397,CUST0397,BR006,2023-07-06,18222.7,Transfer,Online,Completed,Transfer to savings
TXN000399,ACC0380,CUST0380,BR008,2024-11-23,21681.05,Fee,Phone,Completed,Direct deposit
TXN000400,ACC0207,CUST0207,BR003,2024-12-09,21984.52,Deposit,Mobile,Completed,Monthly deposit
TXN000401,ACC0128,CUST0128,BR001,2024-07-23,1273.48,Withdrawal,Mobile,Pending,Direct deposit
TXN000402,ACC0204,CUST0204,BR002,2022-03-04,6056.03,Transfer,Branch,Pending,Overdraft fee
TXN000403,ACC0283,CUST0283,BR006,2023-12-07,4096.21,Interest,Online,Completed,Bill payment
TXN000404,ACC0438,CUST0438,BR010,2023-03-15,21429.21,Transfer,Mobile,Completed,Monthly deposit
TXN000405,ACC0443,CUST0443,BR001,2024-08-28,22788.77,Transfer,Phone,Completed,Overdraft fee
TXN000406,ACC0413,CUST0413,BR005,2023-07-18,10600.93,Withdrawal,ATM,Completed,Service fee
TXN000407,ACC0347,CUST0347,BR009,2024-03-24,14616.33,Deposit,ATM,Completed,Service fee
TXN000408,ACC0153,CUST0153,BR002,2024-09-13,1605.29,Refund,ATM,Completed,Service fee
TXN000409,ACC0097,CUST0097,BR003,2024-11-25,19139.2,Interest,Phone,Completed,Bill payment
TXN000410,ACC0370,CUST0370,BR001,2024-10-15,24936.75,Withdrawal,Branch,Completed,Overdraft fee
TXN000411,ACC0363,CUST0363,BR010,2023-01-24,8585.74,Payment,Phone,Completed,Interest credit
TXN000412,ACC0260,CUST0260,BR005,2022-12-15,21017.56,Fee,Mobile,Completed,Service fee
TXN000413,ACC0372,CUST0372,BR009,2023-01-10,23673.62,Interest,Online,Completed,Service fee
TXN000414,ACC0216,CUST0216,BR006,2024-02-01,6521.38,Withdrawal,Online,Pending,Overdraft fee
TXN000415,ACC0298,CUST0298,BR010,2022-05-26,11810.77,Deposit,Online,Completed,Service fee
TXN000416,ACC0212,CUST0212,BR001,2022-11-05,3442.76,Deposit,Branch,Pending,Wire transfer
TXN000417,ACC0074,CUST0074,BR006,2023-01-05,19475.74,Transfer,Mobile,Completed,Wire transfer
TXN000418,ACC0141,CUST0141,BR004,2022-12-12,14411.21,Deposit,Online,Completed,Transfer to savings
TXN000419,ACC0207,CUST0207,BR007,2024-09-04,9589.08,Deposit,Mobile,Failed,Interest credit
TXN000420,ACC0388,CUST0388,BR009,2023-01-26,457.72,Deposit,Mobile,Pending,Service fee
TXN000421,ACC0067,CUST0067,BR002,2024-02-25,12588.38,Withdrawal,Online,Completed,Service fee
TXN000422,ACC0234,CUST0234,BR009,2024-12-09,8452.5,Interest,Mobile,Pending,Interest credit
TXN000423,ACC0385,CUST0385,BR004,2022-12-04,23702.63,Interest,Branch,Completed,Bill payment
TXN000424,ACC0109,CUST0109,BR001,2024-10-30,4232.93,Withdrawal,Online,Completed,Direct deposit
TXN000425,ACC0320,CUST0320,BR001,2022-04-09,16552.63,Payment,Online,Completed,Wire transfer
TXN000426,ACC0195,CUST0195,BR002,2023-06-02,11865.16,Deposit,Online,Completed,Direct deposit
TXN000427,ACC0139,CUST0139,BR010,2022-10-08,10476.46,Interest,Phone,Completed,ATM withdrawal
TXN000428,ACC0402,CUST0402,BR002,2024-10-16,4974.18,Deposit,ATM,Failed,Interest credit
TXN000429,ACC0361,CUST0361,BR007,2023-08-28,4017.74,Transfer,Mobile,Completed,Loan payment
TXN000430,ACC0002,CUST0002,BR001,2022-07-02,22672.93,Fee,Branch,Completed,Direct deposit
TXN000431,ACC0039,CUST0039,BR002,2023-06-09,16111.98,Transfer,ATM,Completed,Bill payment
TXN000432,ACC0448,CUST0448,BR001,2023-08-19,9011.76,Payment,Branch,Completed,Monthly deposit
TXN000433,ACC0005,CUST0005,BR003,2022-12-16,8223.23,Interest,Phone,Completed,Interest credit
TXN000434,ACC0418,CUST0418,BR006,2023-01-10,2854.66,Withdrawal,Branch,Completed,Wire transfer
TXN000435,ACC0410,CUST0410,BR007,2022-12-08,2835.28,Payment,Online,Pending,ATM withdrawal
TXN000436,ACC0214,CUST0214,BR010,2024-09-15,20058.6,Payment,Mobile,Completed,Overdraft fee
TXN000437,ACC0015,CUST0015,BR003,2024-09-16,23010.75,Deposit,Branch,Completed,Interest credit
TXN000438,ACC0007,CUST0007,BR009,2023-04-04,24447.61,Payment,ATM,Completed,Overdraft fee
TXN000439,ACC0049,CUST0049,BR007,2023-05-25,12053.42,Payment,Branch,Pending,Overdraft fee
TXN000440,ACC0028,CUST0028,BR001,2022-11-18,12644.13,Transfer,Branch,Completed,Wire transfer
TXN000441,ACC0165,CUST0165,BR004,2023-11-09,24253.92,Deposit,Mobile,Completed,Loan payment
TXN000442,ACC0041,CUST0041,BR008,2024-06-28,20033.52,Withdrawal,Branch,Completed,Wire transfer
TXN000443,ACC0382,CUST0382,BR001,2022-07-30,10091.96,Deposit,Phone,Completed,Overdraft fee
TXN000444,ACC0494,CUST0494,BR010,2023-09-16,22253.87,Transfer,Branch,Completed,Monthly deposit
TXN000445,ACC0419,CUST0419,BR004,2024-07-19,8306.0,Payment,Phone,Completed,Wire transfer
TXN000446,ACC0059,CUST0059,BR002,2023-03-31,64.9,Withdrawal,ATM,Completed,ATM withdrawal
TXN000447,ACC0024,CUST0024,BR003,2024-10-05,3519.83,Payment,Branch,Completed,Loan payment
TXN000448,ACC0062,CUST0062,BR007,2023-03-18,11431.58,Payment,ATM,Completed,Overdraft fee
TXN000449,ACC0064,CUST0064,BR008,2024-07-25,16464.83,Refund,Mobile,Completed,Monthly deposit
TXN000450,ACC0284,CUST0284,BR007,2024-09-16,23110.03,Payment,Mobile,Completed,Bill payment
TXN000451,ACC0054,CUST0054,BR007,2023-10-22,12607.71,Withdrawal,Phone,Completed,Service fee
TXN000452,ACC0204,CUST0204,BR006,2023-08-26,11326.61,Deposit,Branch,Pending,Direct deposit
TXN000453,ACC0154,CUST0154,BR009,2023-10-05,17799.74,Interest,Mobile,Completed,Service fee
TXN000454,ACC0352,CUST0352,BR006,2022-09-29,24533.57,Payment,Mobile,Completed,Interest credit
TXN000455,ACC0364,CUST0364,BR002,2023-12-23,14061.38,Transfer,Branch,Pending,Direct deposit
TXN000456,ACC0147,CUST0147,BR007,2022-01-27,13073.02,Deposit,Mobile,Completed,Service fee
TXN000457,ACC0385,CUST0385,BR003,2023-08-10,17087.92,Deposit,Online,Completed,Direct deposit
TXN000458,ACC0017,CUST0017,BR006,2024-07-15,2570.98,Fee,Phone,Completed,Direct deposit
TXN000459,ACC0200,CUST0200,BR004,2024-11-12,19609.84,Payment,ATM,Completed,Transfer to savings
TXN000460,ACC0199,CUST0199,BR007,2023-10-03,24146.17,Deposit,ATM,Pending,Wire transfer
TXN000461,ACC0425,CUST0425,BR004,2024-01-24,18880.14,Transfer,Phone,Completed,Loan payment
TXN000462,ACC0151,CUST0151,BR008,2022-12-30,24586.5,Deposit,Mobile,Completed,Monthly deposit
TXN000463,ACC0220,CUST0220,BR005,2023-06-26,3260.36,Transfer,ATM,Completed,Bill payment
TXN000464,ACC0021,CUST0021,BR003,2023-10-23,14926.04,Payment,Phone,Completed,Overdraft fee
TXN000465,ACC0282,CUST0282,BR006,2022-05-30,19602.95,Withdrawal,Mobile,Completed,Direct deposit
TXN000466,ACC0082,CUST0082,BR007,2024-04-06,2307.72,Deposit,Mobile,Completed,Service fee
TXN000467,ACC0112,CUST0112,BR010,2024-12-22,11876.68,Transfer,Online,Completed,Loan payment
TXN000468,ACC0464,CUST0464,BR010,2023-05-15,23972.83,Payment,ATM,Completed,ATM withdrawal
TXN000469,ACC0198,CUST0198,BR005,2023-08-03,627.4,Transfer,ATM,Completed,Wire transfer
TXN000470,ACC0023,CUST0023,BR005,2023-01-30,8014.62,Deposit,Online,Failed,Direct deposit
TXN000471,ACC0274,CUST0274,BR001,2022-05-15,5277.43,Transfer,Mobile,Completed,ATM withdrawal
TXN000472,ACC0106,CUST0106,BR009,2024-06-10,16167.56,Interest,Mobile,Completed,Monthly deposit
TXN000473,ACC0045,CUST0045,BR002,2022-04-22,4458.02,Withdrawal,Online,Completed,Service fee
TXN000474,ACC0209,CUST0209,BR007,2024-07-12,15759.13,Withdrawal,Online,Completed,Monthly deposit
TXN000475,ACC0329,CUST0329,BR010,2022-05-10,18901.46,Transfer,Online,Completed,Service fee
TXN000476,ACC0403,CUST0403,BR005,2022-06-27,7045.12,Interest,Branch,Completed,Wire transfer
TXN000477,ACC0081,CUST0081,BR009,2023-03-27,3418.17,Withdrawal,Phone,Completed,Service fee
TXN000478,ACC0347,CUST0347,BR006,2022-01-23,13842.57,Transfer,Online,Completed,Transfer to savings
TXN000479,ACC0276,CUST0276,BR009,2022-06-24,7624.23,Payment,ATM,Pending,Direct deposit
TXN000480,ACC0073,CUST0073,BR003,2023-01-12,5527.49,Fee,Mobile,Completed,Overdraft fee
TXN000481,ACC0437,CUST0437,BR001,2024-08-02,16120.42,Deposit,Online,Completed,Overdraft fee
TXN000482,ACC0250,CUST0250,BR006,2024-01-02,3214.1,Payment,Online,Completed,Loan payment
TXN000483,ACC0163,CUST0163,BR008,2024-07-11,8215.37,Payment,Phone,Completed,Interest credit
TXN000484,ACC0491,CUST0491,BR007,2022-12-12,130.75,Deposit,Mobile,Completed,Service fee
TXN000485,ACC0431,CUST0431,BR006,2022-10-03,16992.71,Withdrawal,Branch,Completed,Service fee
TXN000486,ACC0250,CUST0250,BR009,2022-08-11,4402.5,Transfer,ATM,Completed,Direct deposit
TXN000487,ACC0101,CUST0101,BR005,2022-06-06,18188.36,Interest,Phone,Completed,Overdraft fee
TXN000488,ACC0208,CUST0208,BR010,2023-03-12,22658.53,Transfer,Phone,Completed,Bill payment
TXN000489,ACC0188,CUST0188,BR007,2023-04-03,22287.02,Transfer,ATM,Completed,ATM withdrawal
TXN000490,ACC0204,CUST0204,BR006,2024-10-25,274.69,Deposit,Phone,Completed,Bill payment
TXN000491,ACC0229,CUST0229,BR003,2023-01-02,14163.27,Transfer,Mobile,Completed,Interest credit
TXN000492,ACC0021,CUST0021,BR004,2024-09-25,5801.43,Withdrawal,Mobile,Completed,Interest credit
TXN000493,ACC0199,CUST0199,BR008,2024-07-20,22039.98,Deposit,ATM,Failed,Service fee
TXN000494,ACC0428,CUST0428,BR005,2022-12-23,9422.72,Withdrawal,Phone,Pending,Direct deposit
TXN000495,ACC0129,CUST0129,BR007,2023-04-02,12914.13,Withdrawal,ATM,Completed,Overdraft fee
TXN000496,ACC0004,CUST0004,BR009,2022-10-12,11003.07,Deposit,Phone,Completed,Bill payment
TXN000497,ACC0081,CUST0081,BR006,2022-08-31,16531.13,Withdrawal,ATM,Completed,Wire transfer
TXN000498,ACC0246,CUST0246,BR004,2022-11-27,16185.01,Withdrawal,Mobile,Completed,Bill payment
TXN000499,ACC0069,CUST0069,BR009,2022-03-22,22271.03,Deposit,Mobile,Completed,Transfer to savings
TXN000500,ACC0307,CUST0307,BR010,2022-02-08,21963.94,Payment,ATM,Completed,Overdraft fee
TXN000501,ACC0242,CUST0242,BR008,2022-12-16,5491.9,Withdrawal,Mobile,Pending,Bill payment
TXN000502,ACC0320,CUST0320,BR009,2023-06-26,4201.37,Payment,Branch,Completed,Transfer to savings
TXN000503,ACC0198,CUST0198,BR003,2022-08-11,423.9,Transfer,Phone,Pending,Overdraft fee
TXN000504,ACC0050,CUST0050,BR003,2024-09-01,22541.19,Transfer,Phone,Completed,Wire transfer
TXN000505,ACC0338,CUST0338,BR003,2022-01-03,22425.25,Payment,Branch,Completed,Monthly deposit
TXN000506,ACC0358,CUST0358,BR009,2024-05-28,5744.86,Fee,Branch,Completed,Overdraft fee
TXN000507,ACC0051,CUST0051,BR007,2022-10-02,6370.41,Payment,Online,Pending,Transfer to savings
TXN000508,ACC0132,CUST0132,BR004,2022-01-12,17731.63,Payment,Phone,Completed,Transfer to savings
TXN000509,ACC0336,CUST0336,BR004,2023-10-09,10227.04,Deposit,Branch,Completed,Direct deposit
TXN000510,ACC0217,CUST0217,BR010,2024-01-19,15300.9,Refund,Branch,Completed,Direct deposit
TXN000511,ACC0248,CUST0248,BR003,2024-01-29,13981.75,Transfer,ATM,Completed,Transfer to savings
TXN000512,ACC0377,CUST0377,BR003,2022-09-01,18697.88,Withdrawal,Mobile,Completed,Interest credit
TXN000513,ACC0411,CUST0411,BR009,2022-04-17,4026.84,Refund,Online,Pending,Wire transfer
TXN000514,ACC0475,CUST0475,BR010,2024-06-10,2212.64,Withdrawal,ATM,Completed,Transfer to savings
TXN000515,ACC0477,CUST0477,BR007,2024-12-03,7168.87,Refund,Online,Pending,Wire transfer
TXN000516,ACC0225,CUST0225,BR001,2023-02-18,21265.69,Interest,Phone,Completed,Overdraft fee
TXN000517,ACC0262,CUST0262,BR009,2023-04-20,15383.6,Payment,ATM,Completed,Bill payment
TXN000518,ACC0045,CUST0045,BR005,2024-03-29,8834.66,Withdrawal,Phone,Completed,ATM withdrawal
TXN000519,ACC0471,CUST0471,BR002,2023-08-06,18156.21,Transfer,Phone,Failed,Service fee
TXN000520,ACC0116,CUST0116,BR010,2023-02-03,11374.43,Withdrawal,Online,Completed,ATM withdrawal
TXN000521,ACC0287,CUST0287,BR002,2024-10-27,7363.35,Interest,Phone,Pending,Overdraft fee
TXN000522,ACC0129,CUST0129,BR008,2024-02-12,14083.58,Payment,ATM,Completed,Wire transfer
TXN000523,ACC0460,CUST0460,BR010,2022-02-26,12054.43,Withdrawal,Branch,Failed,Loan payment
TXN000524,ACC0410,CUST0410,BR006,2024-04-24,23886.59,Transfer,Online,Completed,Service fee
TXN000525,ACC0048,CUST0048,BR007,2023-12-02,1909.96,Interest,Branch,Completed,Overdraft fee
TXN000526,ACC0138,CUST0138,BR003,2023-01-25,12479.99,Deposit,Mobile,Completed,Loan payment
TXN000527,ACC0428,CUST0428,BR004,2023-12-31,3908.33,Deposit,Online,Completed,Overdraft fee
TXN000528,ACC0004,CUST0004,BR009,2022-03-28,21201.78,Withdrawal,ATM,Failed,Overdraft fee
TXN000529,ACC0445,CUST0445,BR005,2024-10-02,4579.97,Payment,Phone,Completed,Overdraft fee
TXN000530,ACC0066,CUST0066,BR001,2024-12-12,19983.76,Transfer,Phone,Completed,Bill payment
TXN000531,ACC0235,CUST0235,BR002,2024-11-27,11507.16,Payment,Online,Completed,ATM withdrawal
TXN000532,ACC0167,CUST0167,BR006,2023-06-16,4686.94,Withdrawal,ATM,Completed,Interest credit
TXN000533,ACC0095,CUST0095,BR008,2024-05-18,5271.21,Payment,ATM,Completed,Wire transfer
TXN000534,ACC0093,CUST0093,BR010,2022-09-26,24482.02,Payment,Online,Completed,Direct deposit
TXN000535,ACC0222,CUST0222,BR007,2023-02-06,3654.63,Refund,Mobile,Completed,Transfer to savings
TXN000536,ACC0256,CUST0256,BR003,2024-11-24,13354.22,Withdrawal,Branch,Completed,Overdraft fee
TXN000537,ACC0025,CUST0025,BR007,2022-07-22,17266.67,Deposit,ATM,Completed,Wire transfer
TXN000538,ACC0382,CUST0382,BR006,2023-06-17,9030.44,Transfer,ATM,Completed,Interest credit
TXN000539,ACC0445,CUST0445,BR010,2023-02-12,14425.58,Transfer,Phone,Completed,Interest credit
TXN000540,ACC0167,CUST0167,BR009,2024-09-25,19370.86,Withdrawal,Online,Completed,Bill payment
TXN000541,ACC0445,CUST0445,BR003,2023-11-22,10551.19,Transfer,Branch,Completed,Bill payment
TXN000542,ACC0176,CUST0176,BR004,2023-10-05,7928.79,Withdrawal,ATM,Completed,Wire transfer
TXN000543,ACC0400,CUST0400,BR006,2024-12-02,24138.5,Withdrawal,Mobile,Completed,Loan payment
TXN000544,ACC0339,CUST0339,BR005,2022-06-13,5272.18,Withdrawal,Online,Pending,Direct deposit
TXN000545,ACC0028,CUST0028,BR001,2024-03-24,13104.33,Refund,Online,Completed,Transfer to savings
TXN000546,ACC0159,CUST0159,BR004,2023-05-22,18442.45,Withdrawal,Mobile,Pending,Monthly deposit
TXN000547,ACC0018,CUST0018,BR006,2023-10-29,21607.39,Transfer,Phone,Completed,Bill payment
TXN000548,ACC0497,CUST0497,BR009,2022-12-29,14774.86,Transfer,Phone,Completed,Direct deposit
TXN000549,ACC0159,CUST0159,BR006,2024-09-13,13496.31,Fee,Branch,Completed,Bill payment
TXN000550,ACC0156,CUST0156,BR001,2022-01-01,13087.67,Payment,Mobile,Completed,Monthly deposit
TXN000551,ACC0353,CUST0353,BR008,2024-09-04,7497.27,Payment,ATM,Completed,Direct deposit
TXN000552,ACC0192,CUST0192,BR004,2024-04-23,22055.23,Withdrawal,Mobile,Completed,Transfer to savings
TXN000553,ACC0425,CUST0425,BR007,2023-03-28,6581.88,Withdrawal,Mobile,Completed,Overdraft fee
TXN000554,ACC0414,CUST0414,BR005,2023-08-07,16214.94,Transfer,ATM,Pending,Bill payment
TXN000555,ACC0070,CUST0070,BR005,2022-08-15,15925.95,Transfer,ATM,Completed,Interest credit
TXN000556,ACC0010,CUST0010,BR003,2022-04-12,24243.21,Deposit,Online,Completed,Wire transfer
TXN000557,ACC0373,CUST0373,BR001,2023-04-22,2264.02,Deposit,Mobile,Completed,Wire transfer
TXN000558,ACC0191,CUST0191,BR008,2022-03-06,8262.91,Fee,Mobile,Completed,ATM withdrawal
TXN000559,ACC0279,CUST0279,BR008,2023-01-07,4812.89,Fee,Branch,Completed,Loan payment
TXN000560,ACC0198,CUST0198,BR008,2023-05-22,18443.1,Deposit,Branch,Completed,Loan payment
TXN000561,ACC0243,CUST0243,BR007,2023-10-02,23406.02,Deposit,Online,Completed,ATM withdrawal
TXN000562,ACC0130,CUST0130,BR008,2023-09-04,4976.1,Interest,Mobile,Completed,Transfer to savings
TXN000563,ACC0167,CUST0167,BR001,2022-12-09,19861.82,Transfer,Branch,Completed,Monthly deposit
TXN000564,ACC0298,CUST0298,BR008,2022-11-14,9291.25,Deposit,Mobile,Completed,Interest credit
TXN000565,ACC0477,CUST0477,BR001,2022-05-03,8894.39,Deposit,Phone,Completed,Loan payment
TXN000566,ACC0163,CUST0163,BR009,2023-12-13,20140.08,Withdrawal,Mobile,Completed,Bill payment
TXN000567,ACC0129,CUST0129,BR001,2024-09-20,17668.58,Transfer,Phone,Completed,Bill payment
TXN000568,ACC0279,CUST0279,BR006,2023-10-25,18312.74,Withdrawal,Phone,Completed,ATM withdrawal
TXN000569,ACC0272,CUST0272,BR003,2024-07-09,7398.86,Withdrawal,ATM,Completed,Direct deposit
TXN000570,ACC0195,CUST0195,BR003,2022-02-08,15497.17,Withdrawal,Phone,Completed,Direct deposit
TXN000571,ACC0420,CUST0420,BR007,2023-01-24,13106.5,Transfer,Phone,Completed,Transfer to savings
TXN000572,ACC0329,CUST0329,BR006,2022-08-15,2415.44,Payment,Online,Completed,Monthly deposit
TXN000573,ACC0104,CUST0104,BR002,2024-09-21,4798.5,Deposit,Branch,Completed,Overdraft fee
TXN000574,ACC0132,CUST0132,BR001,2024-01-21,5525.86,Payment,Online,Completed,Wire transfer
TXN000575,ACC0476,CUST0476,BR002,2024-08-16,20027.49,Deposit,Phone,Pending,Interest credit
TXN000576,ACC0407,CUST0407,BR001,2023-06-29,13230.23,Payment,ATM,Completed,Direct deposit
TXN000577,ACC0050,CUST0050,BR002,2023-04-19,13296.21,Deposit,Phone,Completed,Bill payment
TXN000578,ACC0286,CUST0286,BR009,2024-04-30,18655.25,Payment,Phone,Completed,Transfer to savings
TXN000579,ACC0453,CUST0453,BR002,2022-12-08,19813.62,Transfer,Phone,Completed,Overdraft fee
TXN000580,ACC0227,CUST0227,BR006,2023-10-08,13756.53,Refund,ATM,Completed,Interest credit
TXN000581,ACC0312,CUST0312,BR004,2023-03-15,9382.83,Transfer,ATM,Completed,Transfer to savings
TXN000582,ACC0001,CUST0001,BR001,2023-08-06,14898.11,Transfer,ATM,Failed,Loan payment
TXN000583,ACC0439,CUST0439,BR006,2022-02-14,19290.36,Interest,ATM,Completed,Overdraft fee
TXN000584,ACC0475,CUST0475,BR010,2022-11-13,2366.24,Transfer,Mobile,Completed,Overdraft fee
TXN000585,ACC0128,CUST0128,BR004,2023-06-09,20278.75,Deposit,Branch,Completed,ATM withdrawal
TXN000586,ACC0371,CUST0371,BR006,2024-09-15,4330.83,Fee,Phone,Completed,Service fee
TXN000587,ACC0020,CUST0020,BR010,2024-02-21,1971.15,Deposit,ATM,Completed,Transfer to savings
TXN000588,ACC0477,CUST0477,BR002,2023-04-10,18694.49,Fee,Online,Completed,Monthly deposit
TXN000589,ACC0157,CUST0157,BR009,2022-03-26,7989.72,Transfer,ATM,Completed,Monthly deposit
TXN000590,ACC0345,CUST0345,BR007,2024-07-01,18823.48,Transfer,Online,Completed,Transfer to savings
TXN000591,ACC0076,CUST0076,BR003,2023-11-20,2072.8,Transfer,Online,Completed,Transfer to savings
TXN000592,ACC0257,CUST0257,BR007,2022-09-25,19053.2,Transfer,Mobile,Completed,Loan payment
TXN000593,ACC0288,CUST0288,BR010,2024-12-09,6163.68,Deposit,Branch,Failed,ATM withdrawal
TXN000594,ACC0058,CUST0058,BR007,2024-05-17,9138.04,Deposit,ATM,Completed,Service fee
TXN000595,ACC0087,CUST0087,BR006,2024-06-24,15583.32,Withdrawal,Mobile,Completed,ATM withdrawal
TXN000596,ACC0058,CUST0058,BR001,2023-05-13,23724.03,Interest,ATM,Completed,ATM withdrawal
TXN000597,ACC0157,CUST0157,BR008,2024-08-22,578.48,Deposit,Phone,Completed,Service fee
TXN000598,ACC0281,CUST0281,BR008,2022-10-17,17379.83,Payment,Branch,Completed,Monthly deposit
TXN000599,ACC0131,CUST0131,BR003,2022-05-04,7107.5,Payment,Phone,Completed,Monthly deposit
TXN000600,ACC0035,CUST0035,BR007,2023-07-10,16577.91,Interest,ATM,Completed,Transfer to savings
TXN000601,ACC0119,CUST0119,BR007,2024-11-07,24415.53,Deposit,ATM,Completed,ATM withdrawal
TXN000602,ACC0096,CUST0096,BR004,2024-10-22,24170.12,Transfer,Online,Failed,Service fee
TXN000603,ACC0171,CUST0171,BR008,2024-03-16,18612.32,Deposit,ATM,Completed,Direct deposit
TXN000604,ACC0142,CUST0142,BR001,2023-06-12,21968.15,Interest,Online,Failed,Loan payment
TXN000605,ACC0078,CUST0078,BR006,2024-03-15,16426.72,Deposit,Branch,Completed,Loan payment
TXN000606,ACC0214,CUST0214,BR004,2022-11-09,10667.36,Withdrawal,Phone,Completed,Loan payment
TXN000607,ACC0335,CUST0335,BR003,2023-02-19,21566.07,Withdrawal,Phone,Completed,Bill payment
TXN000608,ACC0336,CUST0336,BR010,2022-11-20,7944.23,Transfer,Online,Pending,Bill payment
TXN000609,ACC0373,CUST0373,BR001,2023-10-15,22004.5,Withdrawal,Branch,Completed,Service fee
TXN000610,ACC0078,CUST0078,BR004,2022-08-07,3297.33,Deposit,Phone,Completed,Overdraft fee
TXN000611,ACC0119,CUST0119,BR010,2023-04-21,5780.5,Deposit,Online,Completed,Direct deposit
TXN000612,ACC0434,CUST0434,BR010,2024-08-18,17803.36,Withdrawal,Branch,Completed,Loan payment
TXN000613,ACC0116,CUST0116,BR001,2024-04-16,19115.83,Deposit,ATM,Completed,Loan payment
TXN000614,ACC0388,CUST0388,BR004,2022-05-16,4435.18,Refund,Branch,Completed,Interest credit
TXN000615,ACC0444,CUST0444,BR008,2023-05-21,10694.62,Payment,Phone,Completed,Interest credit
TXN000616,ACC0202,CUST0202,BR010,2024-12-11,16038.43,Payment,Online,Completed,Monthly deposit
TXN000617,ACC0450,CUST0450,BR004,2024-11-28,13451.35,Refund,Online,Completed,Monthly deposit
TXN000618,ACC0098,CUST0098,BR005,2024-06-19,9957.02,Withdrawal,ATM,Completed,Overdraft fee
TXN000619,ACC0471,CUST0471,BR001,2024-11-24,22592.85,Transfer,Branch,Completed,Bill payment
TXN000620,ACC0399,CUST0399,BR010,2022-10-05,9832.74,Withdrawal,Online,Completed,Loan payment
TXN000621,ACC0452,CUST0452,BR008,2022-07-04,6259.56,Payment,Mobile,Completed,ATM withdrawal
TXN000622,ACC0362,CUST0362,BR008,2024-01-14,2141.81,Payment,Phone,Completed,Direct deposit
TXN000623,ACC0195,CUST0195,BR001,2022-12-16,22807.2,Transfer,Mobile,Completed,Monthly deposit
TXN000624,ACC0215,CUST0215,BR005,2023-09-26,18256.74,Refund,ATM,Completed,Bill payment
TXN000625,ACC0492,CUST0492,BR004,2022-01-08,15567.78,Withdrawal,Branch,Completed,Monthly deposit
TXN000626,ACC0312,CUST0312,BR008,2023-05-03,5429.68,Payment,Branch,Completed,Overdraft fee
TXN000627,ACC0004,CUST0004,BR004,2023-07-24,15497.95,Transfer,Mobile,Completed,Interest credit
TXN000628,ACC0019,CUST0019,BR003,2022-03-08,16678.24,Fee,ATM,Completed,ATM withdrawal
TXN000629,ACC0214,CUST0214,BR003,2022-11-27,16805.54,Transfer,Phone,Completed,Wire transfer
TXN000630,ACC0384,CUST0384,BR010,2024-01-08,23287.68,Deposit,ATM,Pending,ATM withdrawal
TXN000631,ACC0389,CUST0389,BR007,2022-05-13,7327.89,Deposit,ATM,Completed,Loan payment
TXN000632,ACC0357,CUST0357,BR004,2022-04-30,2741.46,Payment,Phone,Completed,Overdraft fee
TXN000633,ACC0479,CUST0479,BR005,2024-05-24,15225.03,Withdrawal,Phone,Completed,Bill payment
TXN000634,ACC0315,CUST0315,BR010,2024-10-13,12997.45,Transfer,Branch,Pending,Loan payment
TXN000635,ACC0363,CUST0363,BR005,2023-02-01,49.51,Deposit,Online,Completed,Overdraft fee
TXN000636,ACC0213,CUST0213,BR007,2022-04-04,8351.47,Transfer,Mobile,Completed,Service fee
TXN000637,ACC0131,CUST0131,BR002,2023-09-23,7514.1,Transfer,Online,Completed,Transfer to savings
TXN000638,ACC0371,CUST0371,BR010,2022-03-01,20802.75,Deposit,ATM,Completed,Wire transfer
TXN000639,ACC0409,CUST0409,BR001,2022-10-06,12042.57,Transfer,Phone,Completed,Transfer to savings
TXN000640,ACC0476,CUST0476,BR001,2024-12-03,7490.6,Payment,ATM,Completed,Overdraft fee
TXN000641,ACC0351,CUST0351,BR006,2023-12-26,1664.66,Deposit,Online,Completed,Direct deposit
TXN000642,ACC0432,CUST0432,BR003,2024-03-08,4692.6,Deposit,ATM,Completed,Monthly deposit
TXN000643,ACC0140,CUST0140,BR007,2022-06-27,12431.39,Deposit,Branch,Completed,Direct deposit
TXN000644,ACC0155,CUST0155,BR003,2022-08-18,9361.65,Deposit,Mobile,Completed,Monthly deposit
TXN000645,ACC0410,CUST0410,BR008,2024-10-21,3860.4,Withdrawal,Branch,Completed,Interest credit
TXN000646,ACC0074,CUST0074,BR002,2024-11-23,16921.17,Deposit,Online,Completed,Direct deposit
TXN000647,ACC0060,CUST0060,BR001,2023-09-29,23309.11,Payment,Phone,Completed,Monthly deposit
TXN000648,ACC0053,CUST0053,BR009,2023-10-02,571.78,Payment,Mobile,Completed,Service fee
TXN000649,ACC0273,CUST0273,BR006,2024-06-22,16781.39,Withdrawal,Mobile,Completed,Overdraft fee
TXN000650,ACC0287,CUST0287,BR009,2022-07-29,5172.37,Withdrawal,ATM,Failed,Service fee
TXN000651,ACC0294,CUST0294,BR004,2022-12-17,1790.36,Transfer,ATM,Completed,Monthly deposit
TXN000652,ACC0242,CUST0242,BR001,2022-08-05,9596.15,Deposit,Branch,Completed,Overdraft fee
TXN000653,ACC0323,CUST0323,BR008,2023-12-30,7817.89,Fee,Phone,Failed,Wire transfer
TXN000654,ACC0291,CUST0291,BR003,2022-07-10,20323.15,Interest,Branch,Completed,Wire transfer
TXN000655,ACC0241,CUST0241,BR004,2023-04-04,3601.6,Interest,ATM,Completed,Interest credit
TXN000656,ACC0404,CUST0404,BR006,2024-07-17,12192.79,Deposit,Online,Completed,Bill payment
TXN000657,ACC0145,CUST0145,BR006,2022-09-18,12703.66,Withdrawal,Online,Completed,Service fee
TXN000658,ACC0273,CUST0273,BR008,2024-03-31,14767.49,Deposit,Mobile,Failed,Transfer to savings
TXN000659,ACC0034,CUST0034,BR006,2023-03-03,20349.75,Transfer,Branch,Completed,Loan payment
TXN000660,ACC0089,CUST0089,BR002,2024-09-23,2866.93,Transfer,ATM,Pending,Bill payment
TXN000661,ACC0158,CUST0158,BR007,2022-05-23,14960.5,Payment,Phone,Completed,Wire transfer
TXN000662,ACC0331,CUST0331,BR001,2022-07-05,5448.12,Deposit,Phone,Completed,Monthly deposit
TXN000663,ACC0388,CUST0388,BR003,2022-11-02,11329.83,Withdrawal,Phone,Completed,Interest credit
TXN000664,ACC0154,CUST0154,BR010,2023-09-16,22963.36,Interest,ATM,Completed,Overdraft fee
TXN000665,ACC0262,CUST0262,BR007,2022-09-19,21314.1,Deposit,Phone,Completed,Direct deposit
TXN000666,ACC0421,CUST0421,BR006,2022-08-13,21532.58,Fee,Mobile,Completed,Interest credit
TXN000667,ACC0365,CUST0365,BR007,2024-04-11,9545.31,Transfer,Mobile,Completed,Transfer to savings
TXN000668,ACC0432,CUST0432,BR006,2024-05-04,3865.14,Refund,Mobile,Completed,Monthly deposit
TXN000669,ACC0074,CUST0074,BR008,2024-06-13,24374.63,Deposit,Mobile,Completed,Wire transfer
TXN000670,ACC0458,CUST0458,BR010,2024-05-21,15584.98,Transfer,Branch,Completed,Interest credit
TXN000671,ACC0116,CUST0116,BR003,2024-05-19,15118.29,Transfer,Mobile,Completed,Direct deposit
TXN000672,ACC0296,CUST0296,BR006,2022-03-10,24456.05,Transfer,ATM,Completed,ATM withdrawal
TXN000673,ACC0073,CUST0073,BR009,2023-07-27,11628.76,Deposit,Phone,Completed,ATM withdrawal
TXN000674,ACC0351,CUST0351,BR009,2023-10-02,15329.85,Interest,Phone,Completed,Direct deposit
TXN000675,ACC0464,CUST0464,BR008,2023-11-10,10531.19,Refund,ATM,Completed,Overdraft fee
TXN000676,ACC0384,CUST0384,BR005,2023-06-18,1544.83,Transfer,Mobile,Completed,Service fee
TXN000677,ACC0415,CUST0415,BR010,2022-02-25,7177.52,Deposit,Phone,Completed,Service fee
TXN000678,ACC0068,CUST0068,BR010,2023-07-30,6887.68,Withdrawal,Online,Pending,Bill payment
TXN000679,ACC0338,CUST0338,BR008,2024-01-28,20197.94,Withdrawal,Mobile,Completed,Monthly deposit
TXN000680,ACC0176,CUST0176,BR002,2022-10-25,14892.65,Fee,Branch,Completed,Transfer to savings
TXN000681,ACC0122,CUST0122,BR008,2022-12-09,5279.31,Payment,ATM,Completed,ATM withdrawal
TXN000682,ACC0027,CUST0027,BR003,2024-08-08,9974.63,Withdrawal,Phone,Completed,Transfer to savings
TXN000683,ACC0243,CUST0243,BR005,2022-10-25,13265.75,Withdrawal,ATM,Completed,Interest credit
TXN000684,ACC0493,CUST0493,BR009,2022-03-26,2443.13,Transfer,ATM,Completed,Service fee
TXN000685,ACC0172,CUST0172,BR005,2023-07-01,20059.89,Withdrawal,Phone,Completed,Loan payment
TXN000686,ACC0376,CUST0376,BR010,2023-02-04,13003.61,Payment,Mobile,Completed,Monthly deposit
TXN000687,ACC0426,CUST0426,BR002,2022-01-25,10287.11,Transfer,Branch,Completed,Service fee
TXN000688,ACC0099,CUST0099,BR001,2022-02-18,15488.74,Deposit,Phone,Pending,Overdraft fee
TXN000689,ACC0327,CUST0327,BR002,2022-09-03,2168.8,Transfer,Branch,Pending,Overdraft fee
TXN000690,ACC0412,CUST0412,BR003,2022-08-16,17394.38,Withdrawal,Branch,Completed,Wire transfer
TXN000691,ACC0473,CUST0473,BR005,2024-05-24,17308.62,Payment,ATM,Completed,Service fee
TXN000692,ACC0398,CUST0398,BR001,2024-02-23,9720.87,Refund,ATM,Completed,Wire transfer
TXN000693,ACC0036,CUST0036,BR008,2023-02-15,15261.44,Deposit,Branch,Completed,Transfer to savings
TXN000694,ACC0112,CUST0112,BR010,2022-08-06,22816.1,Payment,Online,Completed,Service fee
TXN000695,ACC0398,CUST0398,BR008,2022-02-08,22413.84,Deposit,Online,Completed,Service fee
TXN000696,ACC0078,CUST0078,BR006,2024-03-12,14370.26,Transfer,Branch,Completed,ATM withdrawal
TXN000697,ACC0277,CUST0277,BR004,2022-01-07,9616.75,Payment,Branch,Completed,Interest credit
TXN000698,ACC0171,CUST0171,BR005,2024-03-31,1389.31,Refund,Online,Pending,Interest credit
TXN000699,ACC0042,CUST0042,BR008,2023-08-17,16198.34,Deposit,Online,Completed,Service fee
TXN000700,ACC0357,CUST0357,BR007,2022-08-07,15769.12,Withdrawal,Online,Completed,Loan payment
TXN000701,ACC0072,CUST0072,BR001,2023-01-31,643.86,Refund,Mobile,Completed,Direct deposit
TXN000702,ACC0330,CUST0330,BR005,2024-10-20,13353.16,Fee,Branch,Completed,Interest credit
TXN000703,ACC0029,CUST0029,BR006,2022-03-29,10143.64,Deposit,Phone,Completed,Direct deposit
TXN000704,ACC0077,CUST0077,BR010,2023-04-23,23121.15,Deposit,Mobile,Completed,Overdraft fee
TXN000705,ACC0024,CUST0024,BR004,2022-09-25,368.99,Transfer,ATM,Completed,Overdraft fee
TXN000706,ACC0088,CUST0088,BR010,2022-05-11,20446.83,Deposit,Branch,Completed,ATM withdrawal
TXN000707,ACC0412,CUST0412,BR004,2024-05-22,8440.2,Fee,Branch,Failed,Overdraft fee
TXN000708,ACC0280,CUST0280,BR003,2023-10-21,20912.31,Payment,Online,Completed,ATM withdrawal
TXN000709,ACC0141,CUST0141,BR003,2024-04-30,4209.59,Withdrawal,Mobile,Failed,Monthly deposit
TXN000710,ACC0069,CUST0069,BR002,2024-02-10,19443.76,Deposit,Branch,Completed,ATM withdrawal
TXN000711,ACC0362,CUST0362,BR010,2023-08-05,10411.39,Fee,Branch,Completed,Service fee
TXN000712,ACC0268,CUST0268,BR008,2024-04-23,5988.95,Deposit,Online,Completed,Overdraft fee
TXN000713,ACC0487,CUST0487,BR002,2023-09-09,8702.86,Deposit,Mobile,Failed,ATM withdrawal
TXN000714,ACC0317,CUST0317,BR006,2024-11-05,5489.71,Payment,Mobile,Completed,Bill payment
TXN000715,ACC0351,CUST0351,BR008,2024-10-15,4416.33,Payment,Online,Completed,Loan payment
TXN000716,ACC0223,CUST0223,BR005,2023-11-16,15424.32,Interest,Branch,Completed,Direct deposit
TXN000717,ACC0091,CUST0091,BR003,2022-03-01,12131.68,Deposit,Mobile,Completed,Interest credit
TXN000718,ACC0215,CUST0215,BR004,2023-10-30,5759.28,Deposit,Mobile,Completed,Loan payment
TXN000719,ACC0193,CUST0193,BR004,2022-05-31,11780.05,Transfer,Branch,Failed,Wire transfer
TXN000720,ACC0092,CUST0092,BR007,2024-02-04,3418.75,Payment,ATM,Completed,Bill payment
TXN000721,ACC0017,CUST0017,BR010,2022-05-03,7022.3,Deposit,Branch,Completed,Interest credit
TXN000722,ACC0113,CUST0113,BR005,2022-11-18,19740.78,Transfer,Phone,Completed,Direct deposit
TXN000723,ACC0438,CUST0438,BR004,2022-06-27,10298.29,Transfer,Mobile,Pending,Service fee
TXN000724,ACC0008,CUST0008,BR007,2023-05-21,6203.31,Withdrawal,Mobile,Completed,Bill payment
TXN000725,ACC0468,CUST0468,BR010,2022-01-11,10450.12,Deposit,Branch,Completed,Transfer to savings
TXN000726,ACC0272,CUST0272,BR007,2024-09-08,20244.82,Payment,Online,Completed,Direct deposit
TXN000727,ACC0386,CUST0386,BR001,2024-04-12,23748.85,Deposit,ATM,Failed,Monthly deposit
TXN000728,ACC0246,CUST0246,BR005,2022-11-28,17585.58,Fee,Phone,Completed,Bill payment
TXN000729,ACC0448,CUST0448,BR007,2023-01-14,19748.57,Withdrawal,Branch,Completed,ATM withdrawal
TXN000730,ACC0198,CUST0198,BR006,2024-12-23,827.53,Withdrawal,ATM,Completed,Overdraft fee
TXN000731,ACC0407,CUST0407,BR004,2022-06-15,15515.18,Withdrawal,Online,Pending,Interest credit
TXN000732,ACC0455,CUST0455,BR001,2022-08-16,9580.05,Transfer,Online,Completed,Direct deposit
TXN000733,ACC0361,CUST0361,BR002,2023-02-24,3468.76,Withdrawal,Phone,Completed,Overdraft fee
TXN000734,ACC0447,CUST0447,BR004,2023-04-07,8018.39,Interest,Phone,Completed,ATM withdrawal
TXN000735,ACC0191,CUST0191,BR006,2024-07-15,12160.81,Transfer,Online,Completed,Direct deposit
TXN000736,ACC0461,CUST0461,BR005,2024-07-14,15527.57,Payment,Online,Pending,ATM withdrawal
TXN000737,ACC0042,CUST0042,BR007,2023-01-02,7216.43,Refund,Online,Completed,Bill payment
TXN000738,ACC0255,CUST0255,BR003,2023-02-23,13021.98,Transfer,ATM,Completed,Bill payment
TXN000739,ACC0243,CUST0243,BR006,2024-05-10,11102.06,Transfer,ATM,Completed,Loan payment
TXN000740,ACC0428,CUST0428,BR009,2023-11-19,10298.18,Withdrawal,ATM,Completed,Direct deposit
TXN000741,ACC0432,CUST0432,BR009,2024-06-30,11455.6,Transfer,ATM,Completed,Wire transfer
TXN000742,ACC0191,CUST0191,BR005,2022-04-07,3716.98,Withdrawal,Mobile,Completed,Direct deposit
TXN000743,ACC0147,CUST0147,BR003,2022-12-26,20984.9,Payment,Mobile,Completed,Interest credit
TXN000744,ACC0295,CUST0295,BR003,2024-06-21,6517.58,Deposit,Phone,Completed,Interest credit
TXN000745,ACC0076,CUST0076,BR006,2024-07-07,13501.27,Deposit,ATM,Completed,Wire transfer
TXN000746,ACC0394,CUST0394,BR003,2024-07-27,23196.0,Deposit,Phone,Completed,Service fee
TXN000747,ACC0243,CUST0243,BR005,2022-10-29,19991.41,Payment,Branch,Completed,Wire transfer
TXN000748,ACC0461,CUST0461,BR001,2022-10-13,16953.43,Deposit,Online,Pending,Wire transfer
TXN000749,ACC0183,CUST0183,BR002,2023-10-31,1385.29,Transfer,Phone,Completed,Service fee
TXN000750,ACC0101,CUST0101,BR001,2022-06-21,13464.92,Withdrawal,Online,Completed,Wire transfer
TXN000751,ACC0163,CUST0163,BR010,2024-11-13,23585.62,Interest,ATM,Completed,Transfer to savings
TXN000752,ACC0190,CUST0190,BR007,2024-02-03,314.65,Withdrawal,ATM,Pending,ATM withdrawal
TXN000753,ACC0111,CUST0111,BR008,2024-05-01,20094.1,Withdrawal,Branch,Completed,Overdraft fee
TXN000754,ACC0307,CUST0307,BR002,2022-10-22,5202.52,Transfer,Phone,Completed,Overdraft fee
TXN000755,ACC0388,CUST0388,BR007,2022-07-01,175.41,Transfer,ATM,Completed,Overdraft fee
TXN000756,ACC0387,CUST0387,BR003,2023-02-13,4658.3,Withdrawal,Phone,Pending,Service fee
TXN000757,ACC0428,CUST0428,BR010,2023-09-15,12357.57,Payment,Mobile,Completed,Service fee
TXN000758,ACC0154,CUST0154,BR008,2022-09-12,16348.79,Interest,Branch,Pending,Loan payment
TXN000759,ACC0015,CUST0015,BR002,2023-07-22,12331.33,Refund,Phone,Completed,Overdraft fee
TXN000760,ACC0224,CUST0224,BR005,2024-09-01,24356.73,Fee,ATM,Completed,Service fee
TXN000761,ACC0084,CUST0084,BR010,2022-04-30,3661.97,Transfer,Mobile,Completed,Interest credit
TXN000762,ACC0215,CUST0215,BR006,2022-04-10,7253.51,Transfer,Online,Completed,Bill payment
TXN000763,ACC0392,CUST0392,BR002,2022-12-09,13597.37,Fee,ATM,Completed,Interest credit
TXN000764,ACC0050,CUST0050,BR009,2023-12-22,20584.64,Deposit,Phone,Completed,Transfer to savings
TXN000765,ACC0175,CUST0175,BR003,2022-07-29,5454.73,Transfer,Mobile,Completed,Direct deposit
TXN000766,ACC0434,CUST0434,BR009,2022-08-22,10439.48,Interest,Online,Failed,Wire transfer
TXN000767,ACC0179,CUST0179,BR005,2024-01-13,3483.96,Withdrawal,Phone,Failed,Bill payment
TXN000768,ACC0364,CUST0364,BR005,2022-02-28,18614.06,Deposit,Mobile,Completed,Loan payment
TXN000769,ACC0158,CUST0158,BR003,2023-03-06,3264.15,Deposit,Online,Completed,Transfer to savings
TXN000770,ACC0022,CUST0022,BR004,2022-08-09,829.49,Payment,Phone,Completed,Service fee
TXN000771,ACC0023,CUST0023,BR002,2023-09-10,16692.98,Payment,Online,Completed,Loan payment
TXN000772,ACC0095,CUST0095,BR006,2022-03-01,2278.58,Fee,ATM,Completed,Bill payment
TXN000773,ACC0438,CUST0438,BR009,2023-05-11,12627.68,Deposit,Phone,Completed,Loan payment
TXN000774,ACC0494,CUST0494,BR005,2022-12-18,22542.49,Transfer,Online,Failed,Wire transfer
TXN000775,ACC0188,CUST0188,BR010,2023-01-15,10997.25,Refund,Mobile,Failed,Transfer to savings
TXN000776,ACC0110,CUST0110,BR009,2023-04-12,10195.37,Payment,ATM,Completed,Bill payment
TXN000777,ACC0254,CUST0254,BR006,2023-08-14,13932.73,Deposit,ATM,Completed,Wire transfer
TXN000778,ACC0308,CUST0308,BR005,2024-06-28,5654.58,Withdrawal,Branch,Completed,Wire transfer
TXN000779,ACC0481,CUST0481,BR006,2023-01-03,329.52,Payment,Online,Completed,ATM withdrawal
TXN000780,ACC0062,CUST0062,BR003,2024-03-19,10021.6,Transfer,Online,Pending,Bill payment
TXN000781,ACC0034,CUST0034,BR006,2023-02-12,8472.4,Transfer,Branch,Pending,Wire transfer
TXN000782,ACC0143,CUST0143,BR010,2023-07-14,18910.01,Fee,Branch,Completed,Transfer to savings
TXN000783,ACC0249,CUST0249,BR009,2023-07-26,3692.88,Transfer,Online,Completed,Bill payment
TXN000784,ACC0016,CUST0016,BR002,2022-04-19,20759.51,Transfer,Online,Completed,Interest credit
TXN000785,ACC0079,CUST0079,BR005,2022-07-17,19006.68,Payment,Phone,Completed,Loan payment
TXN000786,ACC0151,CUST0151,BR008,2024-10-01,12624.82,Transfer,Phone,Failed,Monthly deposit
TXN000787,ACC0221,CUST0221,BR002,2024-02-25,11258.39,Fee,Branch,Completed,Direct deposit
TXN000788,ACC0338,CUST0338,BR005,2022-12-03,12292.08,Deposit,Branch,Completed,Wire transfer
TXN000789,ACC0338,CUST0338,BR009,2024-08-20,11903.02,Fee,Phone,Completed,Overdraft fee
TXN000790,ACC0498,CUST0498,BR007,2023-12-24,19164.1,Withdrawal,Online,Completed,Interest credit
TXN000791,ACC0179,CUST0179,BR010,2022-02-25,19132.2,Transfer,Branch,Completed,Interest credit
TXN000792,ACC0211,CUST0211,BR006,2022-04-26,16534.39,Deposit,ATM,Pending,ATM withdrawal
TXN000793,ACC0445,CUST0445,BR005,2022-08-23,8446.48,Deposit,ATM,Completed,Transfer to savings
TXN000794,ACC0291,CUST0291,BR009,2024-05-12,6672.81,Payment,Phone,Completed,Overdraft fee
TXN000795,ACC0200,CUST0200,BR006,2022-07-20,20210.08,Deposit,Mobile,Completed,Interest credit
TXN000796,ACC0086,CUST0086,BR010,2023-09-06,9089.72,Withdrawal,Branch,Failed,ATM withdrawal
TXN000797,ACC0431,CUST0431,BR009,2023-03-15,7191.02,Deposit,Phone,Completed,ATM withdrawal
TXN000798,ACC0368,CUST0368,BR010,2022-07-14,14800.7,Withdrawal,Phone,Completed,Loan payment
TXN000799,ACC0178,CUST0178,BR002,2023-09-11,12620.94,Withdrawal,Phone,Completed,Service fee
TXN000800,ACC0320,CUST0320,BR009,2024-07-17,16792.29,Transfer,Online,Completed,Bill payment
TXN000801,ACC0296,CUST0296,BR008,2023-03-13,16523.55,Fee,Branch,Completed,Overdraft fee
TXN000802,ACC0437,CUST0437,BR007,2022-05-03,13061.52,Withdrawal,Mobile,Completed,Service fee
TXN000803,ACC0433,CUST0433,BR007,2024-04-20,7973.14,Fee,Online,Pending,Service fee
TXN000804,ACC0422,CUST0422,BR005,2022-11-25,6418.6,Transfer,Branch,Completed,Monthly deposit
TXN000805,ACC0126,CUST0126,BR005,2024-08-08,12139.7,Refund,Branch,Completed,Bill payment
TXN000806,ACC0140,CUST0140,BR003,2022-03-01,6467.34,Fee,Phone,Pending,Wire transfer
TXN000807,ACC0401,CUST0401,BR001,2022-04-24,21491.0,Deposit,Phone,Completed,Transfer to savings
TXN000808,ACC0460,CUST0460,BR006,2022-07-04,9928.41,Fee,Mobile,Completed,Direct deposit
TXN000809,ACC0478,CUST0478,BR002,2024-12-04,16608.79,Transfer,Phone,Pending,Loan payment
TXN000810,ACC0308,CUST0308,BR002,2023-10-04,8238.85,Transfer,Branch,Completed,Transfer to savings
TXN000811,ACC0112,CUST0112,BR003,2022-08-07,4387.1,Refund,Branch,Pending,Monthly deposit
TXN000812,ACC0252,CUST0252,BR009,2024-02-07,17493.45,Deposit,Phone,Completed,Service fee
TXN000813,ACC0451,CUST0451,BR003,2024-01-14,11885.79,Withdrawal,ATM,Failed,Overdraft fee
TXN000814,ACC0018,CUST0018,BR001,2023-05-06,6332.04,Withdrawal,ATM,Completed,Direct deposit
TXN000815,ACC0444,CUST0444,BR004,2024-06-25,9717.89,Interest,Branch,Pending,Service fee
TXN000816,ACC0047,CUST0047,BR004,2023-09-02,5267.56,Interest,Branch,Pending,Transfer to savings
TXN000817,ACC0405,CUST0405,BR001,2023-07-16,21662.45,Fee,Branch,Completed,Interest credit
TXN000818,ACC0368,CUST0368,BR007,2022-07-25,20611.78,Payment,Phone,Completed,Direct deposit
TXN000819,ACC0378,CUST0378,BR006,2024-07-17,17383.3,Payment,Mobile,Completed,Bill payment
TXN000820,ACC0002,CUST0002,BR007,2023-02-14,15711.12,Withdrawal,Online,Completed,Bill payment
TXN000821,ACC0434,CUST0434,BR010,2024-04-20,19818.13,Withdrawal,Branch,Completed,Bill payment
TXN000822,ACC0352,CUST0352,BR010,2023-11-02,19990.22,Deposit,Branch,Completed,Transfer to savings
TXN000823,ACC0484,CUST0484,BR010,2023-04-05,528.16,Deposit,Phone,Completed,ATM withdrawal
TXN000824,ACC0499,CUST0499,BR008,2023-02-11,6551.96,Fee,Online,Completed,Service fee
TXN000825,ACC0077,CUST0077,BR002,2024-01-24,4261.37,Transfer,Online,Completed,Wire transfer
TXN000826,ACC0424,CUST0424,BR008,2022-08-31,5619.85,Deposit,ATM,Completed,Bill payment
TXN000827,ACC0221,CUST0221,BR004,2023-03-18,24880.23,Withdrawal,Mobile,Completed,Bill payment
TXN000828,ACC0015,CUST0015,BR005,2023-06-21,5894.79,Transfer,Mobile,Completed,Wire transfer
TXN000829,ACC0044,CUST0044,BR001,2024-08-18,3338.79,Withdrawal,Branch,Completed,Transfer to savings
TXN000830,ACC0377,CUST0377,BR010,2023-06-09,1835.66,Transfer,Online,Completed,Interest credit
TXN000831,ACC0311,CUST0311,BR010,2022-04-04,143.97,Transfer,Branch,Completed,Interest credit
TXN000832,ACC0068,CUST0068,BR009,2022-03-26,14516.37,Withdrawal,Phone,Completed,Wire transfer
TXN000833,ACC0068,CUST0068,BR002,2023-10-12,17759.29,Withdrawal,ATM,Completed,Bill payment
TXN000834,ACC0256,CUST0256,BR005,2024-01-09,23156.66,Withdrawal,ATM,Completed,Service fee
TXN000835,ACC0265,CUST0265,BR006,2024-06-11,22317.87,Withdrawal,Branch,Completed,Wire transfer
TXN000836,ACC0028,CUST0028,BR004,2022-11-01,1373.63,Deposit,Branch,Completed,Transfer to savings
TXN000837,ACC0060,CUST0060,BR008,2022-03-25,11043.58,Refund,Phone,Completed,Bill payment
TXN000838,ACC0064,CUST0064,BR006,2022-07-11,5101.31,Withdrawal,Mobile,Pending,Overdraft fee
TXN000839,ACC0457,CUST0457,BR010,2023-03-11,14592.85,Refund,Phone,Completed,ATM withdrawal
TXN000840,ACC0127,CUST0127,BR008,2022-07-13,22185.32,Deposit,Online,Completed,ATM withdrawal
TXN000841,ACC0429,CUST0429,BR006,2022-11-11,731.57,Transfer,Branch,Failed,Overdraft fee
TXN000842,ACC0337,CUST0337,BR001,2023-11-06,24244.57,Payment,Branch,Completed,Overdraft fee
TXN000843,ACC0067,CUST0067,BR004,2022-04-10,20040.93,Withdrawal,Online,Completed,Overdraft fee
TXN000844,ACC0196,CUST0196,BR002,2024-03-27,6386.55,Deposit,Branch,Pending,Bill payment
TXN000845,ACC0199,CUST0199,BR007,2023-08-07,16182.73,Refund,Mobile,Completed,Transfer to savings
TXN000846,ACC0377,CUST0377,BR005,2022-09-26,8982.52,Deposit,ATM,Completed,Transfer to savings
TXN000847,ACC0244,CUST0244,BR005,2024-05-16,2264.66,Withdrawal,ATM,Completed,Transfer to savings
TXN000848,ACC0048,CUST0048,BR001,2024-11-17,8550.2,Transfer,Mobile,Completed,Wire transfer
TXN000849,ACC0270,CUST0270,BR009,2022-06-21,7274.67,Withdrawal,Branch,Failed,Service fee
TXN000850,ACC0431,CUST0431,BR004,2024-12-07,10699.02,Transfer,Phone,Completed,ATM withdrawal
TXN000851,ACC0262,CUST0262,BR007,2024-04-25,2371.16,Payment,Phone,Completed,Overdraft fee
TXN000852,ACC0042,CUST0042,BR009,2022-02-03,2857.25,Payment,Mobile,Pending,Monthly deposit
TXN000853,ACC0043,CUST0043,BR007,2023-09-02,7855.52,Payment,Branch,Completed,Bill payment
TXN000854,ACC0109,CUST0109,BR003,2022-06-10,18678.26,Transfer,Online,Completed,Transfer to savings
TXN000855,ACC0060,CUST0060,BR001,2022-12-18,16398.47,Transfer,Branch,Failed,Overdraft fee
TXN000856,ACC0372,CUST0372,BR008,2023-09-13,15466.3,Refund,ATM,Failed,Transfer to savings
TXN000857,ACC0412,CUST0412,BR005,2022-06-29,3135.99,Deposit,Online,Completed,Loan payment
TXN000858,ACC0440,CUST0440,BR001,2023-03-05,12033.12,Deposit,Mobile,Completed,Direct deposit
TXN000859,ACC0098,CUST0098,BR002,2023-09-09,19245.33,Deposit,Branch,Completed,Bill payment
TXN000860,ACC0379,CUST0379,BR008,2024-09-20,11792.52,Fee,Phone,Completed,Transfer to savings
TXN000861,ACC0027,CUST0027,BR006,2022-01-17,2575.56,Fee,Branch,Pending,Overdraft fee
TXN000862,ACC0306,CUST0306,BR009,2023-08-19,935.06,Withdrawal,Phone,Completed,Wire transfer
TXN000863,ACC0119,CUST0119,BR001,2024-12-17,485.3,Transfer,Phone,Pending,Transfer to savings
TXN000864,ACC0456,CUST0456,BR008,2022-08-28,12374.77,Interest,ATM,Completed,Bill payment
TXN000865,ACC0148,CUST0148,BR004,2024-08-19,8602.75,Deposit,Mobile,Completed,Overdraft fee
TXN000866,ACC0437,CUST0437,BR008,2022-09-26,22080.5,Payment,Branch,Pending,Interest credit
TXN000867,ACC0408,CUST0408,BR008,2022-11-28,15549.84,Withdrawal,Online,Completed,Loan payment
TXN000868,ACC0081,CUST0081,BR010,2024-10-04,2531.58,Withdrawal,Branch,Completed,Monthly deposit
TXN000869,ACC0010,CUST0010,BR006,2023-06-19,8932.53,Deposit,Phone,Completed,Transfer to savings
TXN000870,ACC0059,CUST0059,BR010,2023-04-10,3025.99,Deposit,ATM,Completed,Monthly deposit
TXN000871,ACC0395,CUST0395,BR009,2023-07-02,22408.98,Fee,Phone,Completed,Monthly deposit
TXN000872,ACC0475,CUST0475,BR008,2024-07-25,24066.55,Payment,Online,Completed,ATM withdrawal
TXN000873,ACC0422,CUST0422,BR009,2022-03-27,12687.57,Deposit,Online,Pending,Bill payment
TXN000874,ACC0373,CUST0373,BR005,2024-06-23,19051.5,Transfer,Online,Completed,Bill payment
TXN000875,ACC0063,CUST0063,BR004,2024-06-18,24241.22,Payment,Online,Completed,Interest credit
TXN000876,ACC0147,CUST0147,BR009,2022-12-17,2139.99,Withdrawal,Branch,Completed,Bill payment
TXN000877,ACC0386,CUST0386,BR009,2024-05-13,19682.52,Deposit,Branch,Completed,Wire transfer
TXN000878,ACC0488,CUST0488,BR009,2024-01-11,23594.07,Withdrawal,Online,Completed,ATM withdrawal
TXN000879,ACC0044,CUST0044,BR006,2023-10-07,10047.26,Payment,Branch,Completed,Bill payment
TXN000880,ACC0463,CUST0463,BR010,2022-04-29,24443.55,Refund,Phone,Completed,Direct deposit
TXN000881,ACC0448,CUST0448,BR005,2023-10-05,22731.68,Deposit,ATM,Completed,Bill payment
TXN000882,ACC0359,CUST0359,BR007,2024-07-02,16100.54,Interest,Phone,Completed,Interest credit
TXN000883,ACC0455,CUST0455,BR007,2023-02-09,22025.56,Deposit,Phone,Completed,Bill payment
TXN000884,ACC0267,CUST0267,BR009,2023-08-05,5351.23,Transfer,ATM,Completed,Bill payment
TXN000885,ACC0012,CUST0012,BR001,2023-06-14,6041.08,Payment,Branch,Completed,Monthly deposit
TXN000886,ACC0431,CUST0431,BR006,2023-06-16,15678.47,Withdrawal,Online,Failed,Wire transfer
TXN000887,ACC0153,CUST0153,BR010,2022-01-11,11334.15,Refund,Phone,Pending,Direct deposit
TXN000888,ACC0433,CUST0433,BR010,2023-04-24,8764.93,Withdrawal,Phone,Completed,Direct deposit
TXN000889,ACC0378,CUST0378,BR004,2022-08-04,8202.9,Transfer,ATM,Completed,Transfer to savings
TXN000890,ACC0425,CUST0425,BR007,2022-06-17,2315.29,Withdrawal,Mobile,Completed,Interest credit
TXN000891,ACC0347,CUST0347,BR009,2024-04-04,14710.1,Transfer,Branch,Completed,Transfer to savings
TXN000892,ACC0226,CUST0226,BR008,2024-05-03,20597.06,Deposit,Mobile,Completed,Direct deposit
TXN000893,ACC0442,CUST0442,BR009,2022-08-30,17364.82,Transfer,Online,Failed,Interest credit
TXN000894,ACC0472,CUST0472,BR002,2024-04-16,2767.3,Withdrawal,ATM,Completed,Interest credit
TXN000895,ACC0157,CUST0157,BR006,2023-09-14,7356.59,Deposit,Mobile,Completed,Monthly deposit
TXN000896,ACC0480,CUST0480,BR005,2023-08-04,5397.38,Fee,Branch,Completed,ATM withdrawal
TXN000897,ACC0446,CUST0446,BR001,2024-05-05,12034.6,Withdrawal,Branch,Completed,Wire transfer
TXN000898,ACC0428,CUST0428,BR010,2022-09-29,19051.16,Transfer,Branch,Completed,Bill payment
TXN000899,ACC0444,CUST0444,BR006,2022-07-02,19997.29,Payment,Branch,Pending,Interest credit
TXN000900,ACC0277,CUST0277,BR001,2024-06-26,18400.46,Transfer,Mobile,Completed,Service fee
TXN000901,ACC0288,CUST0288,BR002,2022-06-24,4818.74,Transfer,Phone,Failed,Direct deposit
TXN000902,ACC0097,CUST0097,BR008,2024-10-26,22422.64,Deposit,Phone,Completed,Loan payment
TXN000903,ACC0126,CUST0126,BR010,2024-06-28,2125.35,Transfer,ATM,Completed,Monthly deposit
TXN000904,ACC0175,CUST0175,BR007,2023-01-05,10379.26,Fee,ATM,Completed,ATM withdrawal
TXN000905,ACC0278,CUST0278,BR003,2023-08-08,3609.42,Withdrawal,Online,Failed,Bill payment
TXN000906,ACC0031,CUST0031,BR010,2023-10-29,4544.63,Payment,ATM,Completed,Transfer to savings
TXN000907,ACC0458,CUST0458,BR006,2023-06-13,9394.07,Fee,Online,Completed,Overdraft fee
TXN000908,ACC0301,CUST0301,BR004,2024-10-06,12720.45,Transfer,Online,Completed,Direct deposit
TXN000909,ACC0209,CUST0209,BR002,2024-09-18,732.37,Transfer,Online,Failed,ATM withdrawal
TXN000910,ACC0127,CUST0127,BR009,2022-09-15,7622.27,Withdrawal,Online,Completed,Bill payment
TXN000911,ACC0192,CUST0192,BR009,2022-12-11,19552.77,Transfer,Branch,Completed,Monthly deposit
TXN000912,ACC0001,CUST0001,BR008,2023-08-16,16329.94,Deposit,Online,Completed,Overdraft fee
TXN000913,ACC0129,CUST0129,BR007,2023-12-21,21062.54,Deposit,Phone,Completed,Direct deposit
TXN000914,ACC0289,CUST0289,BR002,2023-09-08,2251.98,Payment,Mobile,Failed,Transfer to savings
TXN000915,ACC0108,CUST0108,BR010,2024-10-30,23935.86,Withdrawal,ATM,Failed,Wire transfer
TXN000916,ACC0140,CUST0140,BR004,2023-10-21,8547.33,Transfer,Phone,Pending,Bill payment
TXN000917,ACC0331,CUST0331,BR001,2024-09-02,116.94,Deposit,Mobile,Pending,Wire transfer
TXN000918,ACC0391,CUST0391,BR007,2022-06-16,19684.76,Transfer,Online,Pending,Wire transfer
TXN000919,ACC0345,CUST0345,BR002,2023-12-24,24301.26,Withdrawal,Phone,Completed,Monthly deposit
TXN000920,ACC0064,CUST0064,BR008,2024-01-29,23406.83,Withdrawal,Mobile,Completed,Interest credit
TXN000921,ACC0099,CUST0099,BR002,2023-09-13,20212.28,Deposit,Branch,Completed,Wire transfer
TXN000922,ACC0464,CUST0464,BR010,2023-03-05,188.31,Refund,Branch,Completed,Direct deposit
TXN000923,ACC0253,CUST0253,BR003,2023-02-01,16499.36,Transfer,Phone,Completed,Bill payment
TXN000924,ACC0382,CUST0382,BR002,2022-09-18,6498.02,Transfer,Mobile,Completed,Service fee
TXN000925,ACC0099,CUST0099,BR001,2024-12-27,15365.27,Payment,Branch,Completed,Monthly deposit
TXN000926,ACC0438,CUST0438,BR006,2024-06-04,21110.1,Withdrawal,Online,Completed,Interest credit
TXN000927,ACC0265,CUST0265,BR001,2023-04-05,1183.65,Interest,Phone,Completed,Loan payment
TXN000928,ACC0172,CUST0172,BR002,2022-02-21,24756.71,Deposit,Branch,Pending,Loan payment
TXN000929,ACC0085,CUST0085,BR006,2023-09-29,1580.47,Transfer,Online,Completed,Overdraft fee
TXN000930,ACC0409,CUST0409,BR006,2023-05-28,6186.37,Transfer,ATM,Pending,Direct deposit
TXN000931,ACC0407,CUST0407,BR004,2022-05-30,19395.98,Transfer,Online,Completed,ATM withdrawal
TXN000932,ACC0499,CUST0499,BR001,2022-03-10,9441.1,Interest,Online,Completed,Wire transfer
TXN000933,ACC0029,CUST0029,BR005,2024-06-03,1654.1,Payment,Phone,Pending,Transfer to savings
TXN000934,ACC0050,CUST0050,BR010,2024-04-21,5835.47,Transfer,Phone,Completed,Transfer to savings
TXN000935,ACC0451,CUST0451,BR010,2022-07-27,8497.02,Interest,Online,Completed,Loan payment
TXN000936,ACC0056,CUST0056,BR002,2022-01-26,14883.43,Deposit,Mobile,Completed,Direct deposit
TXN000937,ACC0132,CUST0132,BR006,2024-05-12,12040.17,Transfer,Mobile,Completed,Monthly deposit
TXN000938,ACC0066,CUST0066,BR005,2024-06-11,12833.01,Payment,ATM,Pending,Bill payment
TXN000939,ACC0076,CUST0076,BR008,2023-09-25,15087.2,Withdrawal,Online,Completed,Bill payment
TXN000940,ACC0030,CUST0030,BR004,2024-11-04,20481.4,Transfer,Online,Completed,Loan payment
TXN000941,ACC0328,CUST0328,BR004,2022-05-21,8545.38,Payment,Branch,Completed,Overdraft fee
TXN000942,ACC0290,CUST0290,BR006,2023-09-06,10473.2,Deposit,Branch,Pending,Wire transfer
TXN000943,ACC0113,CUST0113,BR001,2023-04-02,17333.58,Transfer,Mobile,Completed,Interest credit
TXN000944,ACC0414,CUST0414,BR007,2023-02-25,10013.81,Fee,Online,Completed,Monthly deposit
TXN000945,ACC0285,CUST0285,BR002,2022-10-19,7271.5,Deposit,Phone,Completed,Monthly deposit
TXN000946,ACC0102,CUST0102,BR004,2023-08-05,4361.92,Interest,Mobile,Completed,Bill payment
TXN000947,ACC0101,CUST0101,BR001,2022-12-27,21073.61,Interest,Online,Completed,ATM withdrawal
TXN000948,ACC0174,CUST0174,BR004,2023-09-17,11410.53,Withdrawal,ATM,Failed,Overdraft fee
TXN000949,ACC0452,CUST0452,BR007,2022-05-14,2971.15,Interest,Mobile,Completed,Transfer to savings
TXN000950,ACC0356,CUST0356,BR006,2023-10-14,14992.73,Refund,Mobile,Completed,Overdraft fee
TXN000951,ACC0097,CUST0097,BR009,2023-08-26,19741.8,Withdrawal,Online,Completed,Bill payment
TXN000952,ACC0436,CUST0436,BR009,2024-09-28,5238.85,Deposit,Branch,Completed,Bill payment
TXN000953,ACC0261,CUST0261,BR007,2024-11-08,9362.91,Transfer,Mobile,Completed,Wire transfer
TXN000954,ACC0367,CUST0367,BR008,2024-08-28,6715.7,Withdrawal,Phone,Completed,Loan payment
TXN000955,ACC0232,CUST0232,BR004,2024-03-21,5472.66,Withdrawal,Branch,Failed,Interest credit
TXN000956,ACC0131,CUST0131,BR009,2022-06-23,3366.91,Deposit,Branch,Completed,Monthly deposit
TXN000957,ACC0239,CUST0239,BR009,2023-11-20,10658.3,Transfer,Branch,Completed,Service fee
TXN000958,ACC0196,CUST0196,BR001,2023-01-03,11047.8,Withdrawal,Online,Completed,Direct deposit
TXN000959,ACC0263,CUST0263,BR009,2022-06-10,19648.97,Interest,Online,Completed,Direct deposit
TXN000960,ACC0103,CUST0103,BR006,2023-02-07,16880.93,Withdrawal,ATM,Completed,Bill payment
TXN000961,ACC0438,CUST0438,BR009,2023-06-19,223.26,Withdrawal,ATM,Completed,Transfer to savings
TXN000962,ACC0421,CUST0421,BR010,2022-01-25,11805.38,Transfer,Mobile,Completed,Loan payment
TXN000963,ACC0243,CUST0243,BR004,2024-11-22,14679.22,Transfer,Branch,Completed,ATM withdrawal
TXN000964,ACC0161,CUST0161,BR004,2024-05-28,19255.58,Payment,Mobile,Pending,Monthly deposit
TXN000965,ACC0192,CUST0192,BR003,2022-09-20,7646.24,Payment,Branch,Pending,Interest credit
TXN000966,ACC0116,CUST0116,BR007,2024-05-21,17147.21,Withdrawal,Phone,Completed,Overdraft fee
TXN000967,ACC0403,CUST0403,BR001,2022-10-12,3850.74,Refund,ATM,Completed,Overdraft fee
TXN000968,ACC0294,CUST0294,BR007,2024-02-20,5113.07,Withdrawal,Phone,Completed,Interest credit
TXN000969,ACC0292,CUST0292,BR008,2023-09-16,2340.11,Deposit,Phone,Pending,Overdraft fee
TXN000970,ACC0251,CUST0251,BR001,2023-01-18,4982.98,Interest,Branch,Completed,Direct deposit
TXN000971,ACC0036,CUST0036,BR008,2022-04-28,9222.62,Deposit,ATM,Completed,Bill payment
TXN000972,ACC0057,CUST0057,BR003,2024-05-06,11961.5,Deposit,Mobile,Completed,Transfer to savings
TXN000973,ACC0419,CUST0419,BR008,2022-11-22,15096.7,Interest,Phone,Completed,Wire transfer
TXN000974,ACC0142,CUST0142,BR004,2022-01-16,24777.22,Withdrawal,Branch,Completed,Interest credit
TXN000975,ACC0467,CUST0467,BR010,2024-10-02,11510.51,Transfer,Online,Pending,Wire transfer
TXN000976,ACC0178,CUST0178,BR005,2024-03-11,15329.56,Fee,Mobile,Completed,Overdraft fee
TXN000977,ACC0376,CUST0376,BR007,2024-07-26,9622.78,Payment,Phone,Completed,Monthly deposit
TXN000978,ACC0123,CUST0123,BR003,2023-07-15,22065.07,Transfer,Online,Completed,Loan payment
TXN000979,ACC0466,CUST0466,BR008,2024-04-22,24809.82,Transfer,ATM,Completed,Interest credit
TXN000980,ACC0210,CUST0210,BR008,2022-12-04,6326.64,Transfer,Branch,Completed,Wire transfer
TXN000981,ACC0196,CUST0196,BR006,2024-03-28,21395.77,Withdrawal,Online,Completed,Bill payment
TXN000982,ACC0168,CUST0168,BR008,2024-09-19,11539.31,Deposit,Mobile,Completed,Wire transfer
TXN000983,ACC0421,CUST0421,BR005,2022-11-27,4273.02,Deposit,Online,Completed,Transfer to savings
TXN000984,ACC0087,CUST0087,BR002,2022-01-23,16937.8,Deposit,ATM,Completed,Direct deposit
TXN000985,ACC0111,CUST0111,BR008,2022-04-08,20914.16,Fee,Online,Completed,Monthly deposit
TXN000986,ACC0307,CUST0307,BR001,2022-04-10,19312.52,Payment,Mobile,Completed,ATM withdrawal
TXN000987,ACC0009,CUST0009,BR007,2022-02-27,24732.37,Withdrawal,Mobile,Completed,ATM withdrawal
TXN000988,ACC0409,CUST0409,BR003,2022-12-09,1109.87,Transfer,ATM,Completed,Overdraft fee
TXN000989,ACC0107,CUST0107,BR009,2024-03-20,23473.69,Deposit,Mobile,Completed,Monthly deposit
TXN000990,ACC0206,CUST0206,BR006,2022-01-25,9735.77,Transfer,Online,Completed,Overdraft fee
TXN000991,ACC0189,CUST0189,BR001,2022-05-18,22137.65,Withdrawal,Phone,Failed,Direct deposit
TXN000992,ACC0406,CUST0406,BR010,2022-12-18,6305.98,Deposit,ATM,Completed,Bill payment
TXN000993,ACC0171,CUST0171,BR003,2023-10-14,24450.76,Payment,Online,Completed,Overdraft fee
TXN000994,ACC0230,CUST0230,BR007,2024-11-12,16018.39,Deposit,Phone,Completed,Monthly deposit
TXN000995,ACC0316,CUST0316,BR002,2023-09-25,5917.54,Withdrawal,Mobile,Completed,Interest credit
TXN000996,ACC0256,CUST0256,BR005,2023-02-18,3800.25,Deposit,Online,Completed,Wire transfer
TXN000997,ACC0379,CUST0379,BR006,2022-10-02,6960.38,Transfer,Online,Failed,Service fee
TXN000998,ACC0385,CUST0385,BR001,2023-04-15,21174.9,Withdrawal,Mobile,Completed,Loan payment
TXN000999,ACC0411,CUST0411,BR004,2024-02-21,13041.58,Deposit,Online,Completed,Loan payment
TXN001000,ACC0027,CUST0027,BR003,2023-02-23,3147.77,Deposit,Phone,Failed,Loan payment
TXN001001,ACC0260,CUST0260,BR002,2024-05-22,18127.48,Withdrawal,Mobile,Completed,Loan payment
TXN001002,ACC0156,CUST0156,BR005,2024-07-07,24193.47,Deposit,Branch,Failed,Transfer to savings
TXN001003,ACC0194,CUST0194,BR003,2024-08-22,11039.99,Transfer,Branch,Completed,Wire transfer
TXN001004,ACC0011,CUST0011,BR007,2024-05-25,21352.51,Payment,ATM,Completed,Bill payment
TXN001005,ACC0132,CUST0132,BR007,2024-08-07,7653.12,Withdrawal,Phone,Completed,Bill payment
TXN001006,ACC0367,CUST0367,BR008,2023-02-05,3876.56,Deposit,Online,Completed,Interest credit
TXN001007,ACC0252,CUST0252,BR007,2024-05-01,23507.72,Refund,ATM,Completed,Overdraft fee
TXN001008,ACC0037,CUST0037,BR007,2022-03-21,24811.89,Deposit,Phone,Completed,Service fee
TXN001009,ACC0395,CUST0395,BR006,2024-11-09,17731.12,Transfer,ATM,Completed,Transfer to savings
TXN001010,ACC0377,CUST0377,BR004,2023-05-12,11948.36,Interest,ATM,Completed,Bill payment
TXN001011,ACC0134,CUST0134,BR010,2024-07-21,23607.19,Deposit,Mobile,Failed,Bill payment
TXN001012,ACC0007,CUST0007,BR002,2022-07-09,16113.49,Interest,Branch,Failed,ATM withdrawal
TXN001013,ACC0266,CUST0266,BR004,2024-05-16,4153.93,Withdrawal,ATM,Completed,Transfer to savings
TXN001014,ACC0301,CUST0301,BR005,2024-04-22,18814.03,Interest,Online,Completed,Interest credit
TXN001015,ACC0417,CUST0417,BR003,2023-07-05,18720.76,Interest,Branch,Completed,Bill payment
TXN001016,ACC0418,CUST0418,BR008,2022-01-04,2430.8,Payment,Branch,Completed,Transfer to savings
TXN001017,ACC0088,CUST0088,BR003,2024-02-07,4668.14,Deposit,Branch,Failed,Wire transfer
TXN001018,ACC0291,CUST0291,BR004,2023-01-16,5031.51,Payment,Mobile,Pending,Transfer to savings
TXN001019,ACC0226,CUST0226,BR010,2022-08-12,21710.37,Deposit,ATM,Completed,ATM withdrawal
TXN001020,ACC0176,CUST0176,BR001,2023-04-26,11952.65,Payment,Online,Completed,Monthly deposit
TXN001021,ACC0341,CUST0341,BR010,2022-03-27,2430.08,Transfer,Online,Completed,Service fee
TXN001022,ACC0478,CUST0478,BR008,2024-08-27,18925.22,Transfer,ATM,Pending,Interest credit
TXN001023,ACC0419,CUST0419,BR004,2024-01-10,16630.31,Withdrawal,Online,Pending,ATM withdrawal
TXN001024,ACC0002,CUST0002,BR008,2024-04-02,18133.25,Interest,Mobile,Completed,Direct deposit
TXN001025,ACC0144,CUST0144,BR004,2024-01-25,11303.43,Payment,Branch,Completed,Monthly deposit
TXN001026,ACC0327,CUST0327,BR006,2022-02-04,15848.09,Fee,ATM,Completed,Wire transfer
TXN001027,ACC0205,CUST0205,BR010,2022-06-16,8714.87,Interest,Branch,Pending,ATM withdrawal
TXN001028,ACC0376,CUST0376,BR007,2023-08-25,15183.27,Payment,Phone,Completed,Direct deposit
TXN001029,ACC0017,CUST0017,BR003,2024-10-16,19922.55,Withdrawal,Phone,Completed,Wire transfer
TXN001030,ACC0489,CUST0489,BR002,2024-09-14,16569.43,Deposit,Mobile,Failed,ATM withdrawal
TXN001031,ACC0055,CUST0055,BR007,2022-03-01,4014.28,Interest,Branch,Completed,Service fee
TXN001032,ACC0341,CUST0341,BR008,2022-09-10,16640.25,Interest,Branch,Completed,Loan payment
TXN001033,ACC0478,CUST0478,BR010,2022-05-13,16103.22,Withdrawal,Branch,Completed,Transfer to savings
TXN001034,ACC0414,CUST0414,BR004,2023-04-03,6484.76,Withdrawal,Online,Completed,Loan payment
TXN001035,ACC0382,CUST0382,BR002,2024-01-24,3194.16,Withdrawal,Branch,Completed,Monthly deposit
TXN001036,ACC0303,CUST0303,BR009,2023-01-24,21179.49,Refund,ATM,Completed,Bill payment
TXN001037,ACC0267,CUST0267,BR010,2023-03-31,2673.58,Deposit,Branch,Completed,Service fee
TXN001038,ACC0429,CUST0429,BR004,2024-10-20,17002.72,Deposit,ATM,Completed,Monthly deposit
TXN001039,ACC0307,CUST0307,BR006,2023-09-25,12564.43,Payment,ATM,Completed,Wire transfer
TXN001040,ACC0324,CUST0324,BR004,2024-10-10,7294.46,Refund,Online,Completed,Loan payment
TXN001041,ACC0435,CUST0435,BR004,2022-04-18,23079.71,Payment,Branch,Completed,Bill payment
TXN001042,ACC0012,CUST0012,BR009,2024-03-14,8441.88,Payment,ATM,Completed,Direct deposit
TXN001043,ACC0373,CUST0373,BR005,2023-08-02,17412.44,Deposit,Phone,Completed,Overdraft fee
TXN001044,ACC0444,CUST0444,BR001,2023-09-15,11443.74,Deposit,Mobile,Completed,Bill payment
TXN001045,ACC0108,CUST0108,BR004,2023-02-05,18385.62,Deposit,Phone,Completed,Bill payment
TXN001046,ACC0193,CUST0193,BR007,2022-12-11,23150.37,Deposit,Branch,Completed,Direct deposit
TXN001047,ACC0333,CUST0333,BR006,2024-06-07,24243.48,Transfer,Branch,Completed,Transfer to savings
TXN001048,ACC0251,CUST0251,BR005,2022-12-20,16323.4,Withdrawal,Online,Pending,Transfer to savings
TXN001049,ACC0141,CUST0141,BR008,2024-01-23,299.94,Deposit,Online,Completed,Direct deposit
TXN001050,ACC0116,CUST0116,BR001,2024-09-09,6850.38,Payment,Phone,Completed,Transfer to savings
TXN001051,ACC0153,CUST0153,BR010,2022-09-14,2495.04,Deposit,Phone,Completed,Monthly deposit
TXN001052,ACC0202,CUST0202,BR009,2024-12-21,12219.2,Transfer,Phone,Completed,ATM withdrawal
TXN001053,ACC0386,CUST0386,BR004,2022-08-29,4524.8,Transfer,Mobile,Completed,Interest credit
TXN001054,ACC0063,CUST0063,BR001,2022-09-21,14381.27,Payment,Online,Pending,Monthly deposit
TXN001055,ACC0044,CUST0044,BR002,2024-11-02,7471.46,Refund,Mobile,Failed,Monthly deposit
TXN001056,ACC0128,CUST0128,BR005,2022-04-05,23655.9,Transfer,ATM,Completed,Overdraft fee
TXN001057,ACC0252,CUST0252,BR006,2024-12-06,22770.47,Refund,Phone,Completed,ATM withdrawal
TXN001058,ACC0340,CUST0340,BR001,2023-05-01,927.98,Deposit,Mobile,Completed,Loan payment
TXN001059,ACC0303,CUST0303,BR006,2023-07-23,3221.02,Transfer,Online,Completed,Bill payment
TXN001060,ACC0205,CUST0205,BR008,2022-06-20,23619.06,Payment,Mobile,Completed,Service fee
TXN001061,ACC0325,CUST0325,BR004,2024-02-02,14095.42,Transfer,Phone,Completed,Bill payment
TXN001062,ACC0162,CUST0162,BR007,2024-02-16,657.49,Transfer,Online,Completed,Direct deposit
TXN001063,ACC0209,CUST0209,BR002,2023-11-06,16008.04,Withdrawal,ATM,Completed,Loan payment
TXN001064,ACC0141,CUST0141,BR001,2022-07-20,9435.13,Refund,Branch,Completed,ATM withdrawal
TXN001065,ACC0090,CUST0090,BR009,2023-09-20,14724.79,Fee,Online,Completed,Service fee
TXN001066,ACC0283,CUST0283,BR005,2022-07-22,22415.29,Deposit,Branch,Completed,Direct deposit
TXN001067,ACC0283,CUST0283,BR010,2024-04-04,11926.78,Deposit,Online,Completed,Bill payment
TXN001068,ACC0074,CUST0074,BR007,2023-07-02,1331.09,Payment,ATM,Completed,Overdraft fee
TXN001069,ACC0215,CUST0215,BR008,2023-01-10,10979.61,Withdrawal,Branch,Completed,Transfer to savings
TXN001070,ACC0267,CUST0267,BR004,2023-09-18,15894.52,Deposit,ATM,Completed,ATM withdrawal
TXN001071,ACC0325,CUST0325,BR002,2022-06-07,18251.53,Interest,Mobile,Completed,Service fee
TXN001072,ACC0284,CUST0284,BR008,2022-01-22,24054.54,Withdrawal,Phone,Completed,Wire transfer
TXN001073,ACC0264,CUST0264,BR009,2022-09-13,10142.73,Transfer,Online,Completed,Interest credit
TXN001074,ACC0126,CUST0126,BR009,2022-03-28,15188.26,Refund,Phone,Completed,Interest credit
TXN001075,ACC0430,CUST0430,BR003,2024-11-18,8838.76,Deposit,Branch,Completed,ATM withdrawal
TXN001076,ACC0174,CUST0174,BR004,2022-08-30,7258.72,Transfer,ATM,Completed,Overdraft fee
TXN001077,ACC0202,CUST0202,BR004,2023-09-17,23228.43,Refund,Phone,Completed,Wire transfer
TXN001078,ACC0457,CUST0457,BR010,2024-09-26,1446.84,Deposit,Branch,Completed,Monthly deposit
TXN001079,ACC0180,CUST0180,BR003,2024-04-03,8869.76,Deposit,Branch,Completed,Bill payment
TXN001080,ACC0211,CUST0211,BR002,2024-09-25,182.69,Payment,ATM,Completed,Service fee
TXN001081,ACC0187,CUST0187,BR007,2023-01-09,13415.32,Withdrawal,Branch,Completed,Bill payment
TXN001082,ACC0182,CUST0182,BR007,2022-01-12,8987.33,Fee,Mobile,Completed,Bill payment
TXN001083,ACC0203,CUST0203,BR007,2023-11-10,22525.94,Deposit,Mobile,Failed,Service fee
TXN001084,ACC0061,CUST0061,BR007,2024-09-28,13757.59,Payment,Mobile,Completed,Transfer to savings
TXN001085,ACC0257,CUST0257,BR007,2022-09-27,2752.22,Deposit,Online,Completed,Monthly deposit
TXN001086,ACC0393,CUST0393,BR004,2022-04-17,16960.97,Withdrawal,Phone,Completed,Service fee
TXN001087,ACC0145,CUST0145,BR008,2022-06-19,19024.89,Deposit,Mobile,Completed,Service fee
TXN001088,ACC0393,CUST0393,BR002,2023-06-24,24856.48,Deposit,Branch,Completed,ATM withdrawal
TXN001089,ACC0359,CUST0359,BR009,2023-01-07,4724.84,Fee,Mobile,Completed,Monthly deposit
TXN001090,ACC0141,CUST0141,BR004,2022-10-27,10663.31,Transfer,Online,Completed,Direct deposit
TXN001091,ACC0157,CUST0157,BR004,2023-03-31,8411.08,Transfer,Phone,Completed,ATM withdrawal
TXN001092,ACC0138,CUST0138,BR006,2023-07-29,23575.54,Payment,Mobile,Completed,Monthly deposit
TXN001093,ACC0001,CUST0001,BR001,2023-10-21,5307.32,Transfer,Phone,Completed,Wire transfer
TXN001094,ACC0187,CUST0187,BR006,2023-09-16,2797.1,Payment,Phone,Completed,Interest credit
TXN001095,ACC0380,CUST0380,BR006,2024-12-19,15121.8,Deposit,ATM,Completed,ATM withdrawal
TXN001096,ACC0067,CUST0067,BR010,2022-09-04,1035.56,Refund,Mobile,Completed,ATM withdrawal
TXN001097,ACC0039,CUST0039,BR009,2023-12-04,7543.9,Transfer,Mobile,Completed,Bill payment
TXN001098,ACC0099,CUST0099,BR007,2023-06-02,22290.75,Payment,Phone,Pending,Wire transfer
TXN001099,ACC0323,CUST0323,BR002,2024-06-12,1702.04,Withdrawal,Phone,Completed,Service fee
TXN001100,ACC0357,CUST0357,BR003,2023-08-17,1145.68,Transfer,Mobile,Completed,Direct deposit
TXN001101,ACC0446,CUST0446,BR009,2022-06-03,4146.3,Payment,Branch,Completed,Overdraft fee
TXN001102,ACC0140,CUST0140,BR004,2023-01-12,99.98,Transfer,Phone,Pending,Direct deposit
TXN001103,ACC0234,CUST0234,BR009,2024-12-11,6478.28,Fee,ATM,Completed,Bill payment
TXN001104,ACC0115,CUST0115,BR001,2024-12-28,5963.04,Deposit,Mobile,Completed,Bill payment
TXN001105,ACC0139,CUST0139,BR001,2023-05-25,24738.51,Deposit,Online,Completed,Overdraft fee
TXN001106,ACC0498,CUST0498,BR006,2023-10-27,2090.32,Payment,Phone,Completed,Overdraft fee
TXN001107,ACC0151,CUST0151,BR006,2022-04-28,15652.62,Deposit,ATM,Failed,Bill payment
TXN001108,ACC0132,CUST0132,BR001,2022-08-06,18067.83,Payment,ATM,Completed,Direct deposit
TXN001109,ACC0106,CUST0106,BR008,2023-03-28,8113.33,Deposit,Branch,Completed,Transfer to savings
TXN001110,ACC0189,CUST0189,BR003,2024-09-08,2351.34,Deposit,Mobile,Completed,Overdraft fee
TXN001111,ACC0252,CUST0252,BR003,2023-08-01,535.97,Deposit,Mobile,Completed,Loan payment
TXN001112,ACC0036,CUST0036,BR003,2022-05-28,10665.61,Transfer,Branch,Completed,Monthly deposit
TXN001113,ACC0309,CUST0309,BR002,2024-02-13,9605.92,Deposit,Online,Completed,Monthly deposit
TXN001114,ACC0068,CUST0068,BR004,2022-06-21,6698.74,Interest,Phone,Failed,ATM withdrawal
TXN001115,ACC0278,CUST0278,BR006,2022-06-24,5066.02,Transfer,Phone,Completed,Service fee
TXN001116,ACC0170,CUST0170,BR008,2022-11-13,6102.78,Transfer,ATM,Completed,Monthly deposit
TXN001117,ACC0053,CUST0053,BR009,2023-08-31,2573.13,Interest,Branch,Pending,Monthly deposit
TXN001118,ACC0117,CUST0117,BR007,2024-02-29,3692.94,Payment,Mobile,Completed,ATM withdrawal
TXN001119,ACC0252,CUST0252,BR003,2022-08-14,5620.82,Refund,ATM,Completed,ATM withdrawal
TXN001120,ACC0185,CUST0185,BR002,2022-03-30,15116.61,Deposit,Phone,Completed,Transfer to savings
TXN001121,ACC0077,CUST0077,BR005,2023-08-11,8716.16,Deposit,Branch,Failed,ATM withdrawal
TXN001122,ACC0404,CUST0404,BR001,2022-11-01,19446.82,Deposit,Mobile,Completed,Wire transfer
TXN001123,ACC0418,CUST0418,BR002,2022-08-20,14450.29,Refund,ATM,Completed,Bill payment
TXN001124,ACC0094,CUST0094,BR007,2023-12-24,7989.7,Withdrawal,Branch,Completed,Bill payment
TXN001125,ACC0411,CUST0411,BR004,2024-02-24,10472.3,Transfer,Phone,Completed,Loan payment
TXN001126,ACC0197,CUST0197,BR002,2024-05-13,13178.38,Payment,Mobile,Completed,Monthly deposit
TXN001127,ACC0105,CUST0105,BR001,2024-01-13,13963.78,Refund,Online,Completed,Bill payment
TXN001128,ACC0151,CUST0151,BR008,2022-10-23,20882.96,Transfer,Branch,Pending,Monthly deposit
TXN001129,ACC0383,CUST0383,BR003,2022-08-29,24051.68,Payment,Branch,Completed,Transfer to savings
TXN001130,ACC0191,CUST0191,BR001,2022-08-06,16572.06,Deposit,Phone,Completed,Interest credit
TXN001131,ACC0073,CUST0073,BR002,2023-05-17,1935.86,Transfer,Branch,Completed,Bill payment
TXN001132,ACC0384,CUST0384,BR009,2023-09-06,11759.91,Payment,Branch,Completed,Service fee
TXN001133,ACC0057,CUST0057,BR003,2022-05-03,22030.12,Deposit,Mobile,Completed,Transfer to savings
TXN001134,ACC0349,CUST0349,BR008,2023-06-13,22979.56,Transfer,Mobile,Completed,ATM withdrawal
TXN001135,ACC0268,CUST0268,BR007,2022-09-14,18580.94,Withdrawal,Online,Completed,Direct deposit
TXN001136,ACC0310,CUST0310,BR002,2024-08-17,11940.63,Payment,Branch,Completed,Interest credit
TXN001137,ACC0332,CUST0332,BR007,2023-02-03,6755.29,Deposit,ATM,Pending,Monthly deposit
TXN001138,ACC0123,CUST0123,BR005,2022-11-30,13543.78,Deposit,Phone,Pending,Loan payment
TXN001139,ACC0283,CUST0283,BR004,2022-03-08,6015.98,Deposit,Phone,Completed,Wire transfer
TXN001140,ACC0024,CUST0024,BR001,2023-10-07,2339.34,Withdrawal,ATM,Failed,Direct deposit
TXN001141,ACC0100,CUST0100,BR006,2024-03-11,18144.95,Refund,Online,Pending,Direct deposit
TXN001142,ACC0052,CUST0052,BR009,2022-11-04,601.9,Payment,Branch,Pending,Service fee
TXN001143,ACC0083,CUST0083,BR003,2024-08-06,1978.03,Transfer,Mobile,Completed,Bill payment
TXN001144,ACC0394,CUST0394,BR003,2024-10-24,12912.36,Payment,Phone,Completed,Bill payment
TXN001145,ACC0174,CUST0174,BR005,2024-01-08,15590.53,Interest,Online,Completed,Transfer to savings
TXN001146,ACC0123,CUST0123,BR004,2022-06-03,23950.81,Transfer,Branch,Completed,Service fee
TXN001147,ACC0281,CUST0281,BR002,2024-10-18,2361.91,Withdrawal,ATM,Completed,Interest credit
TXN001148,ACC0181,CUST0181,BR002,2022-05-26,4487.86,Payment,ATM,Failed,Wire transfer
TXN001149,ACC0333,CUST0333,BR003,2022-09-11,24292.3,Transfer,ATM,Completed,Overdraft fee
TXN001150,ACC0470,CUST0470,BR003,2024-06-21,9174.64,Fee,ATM,Completed,Direct deposit
TXN001151,ACC0231,CUST0231,BR005,2022-03-29,15519.14,Transfer,Mobile,Completed,Bill payment
TXN001152,ACC0437,CUST0437,BR002,2023-08-19,9401.78,Transfer,Online,Pending,ATM withdrawal
TXN001153,ACC0179,CUST0179,BR008,2024-08-17,16065.69,Interest,Branch,Completed,ATM withdrawal
TXN001154,ACC0470,CUST0470,BR007,2024-06-06,4994.78,Withdrawal,ATM,Completed,Loan payment
TXN001155,ACC0360,CUST0360,BR008,2022-08-23,6966.59,Deposit,Mobile,Completed,Loan payment
TXN001156,ACC0164,CUST0164,BR010,2022-03-06,24695.39,Payment,Online,Completed,Transfer to savings
TXN001157,ACC0243,CUST0243,BR004,2022-04-21,5295.21,Deposit,Branch,Completed,ATM withdrawal
TXN001158,ACC0073,CUST0073,BR002,2023-07-15,10132.66,Withdrawal,Branch,Completed,Service fee
TXN001159,ACC0095,CUST0095,BR001,2022-07-09,22374.97,Withdrawal,ATM,Completed,Transfer to savings
TXN001160,ACC0247,CUST0247,BR008,2022-11-26,24140.09,Withdrawal,Phone,Completed,Overdraft fee
TXN001161,ACC0102,CUST0102,BR002,2022-10-24,8100.08,Refund,ATM,Pending,Bill payment
TXN001162,ACC0256,CUST0256,BR006,2022-08-21,19802.5,Payment,ATM,Completed,Wire transfer
TXN001163,ACC0483,CUST0483,BR003,2024-07-09,15976.52,Transfer,Online,Failed,Transfer to savings
TXN001164,ACC0357,CUST0357,BR009,2022-12-07,15027.57,Deposit,Mobile,Failed,Overdraft fee
TXN001165,ACC0490,CUST0490,BR001,2024-01-29,20346.35,Deposit,ATM,Pending,Wire transfer
TXN001166,ACC0333,CUST0333,BR008,2024-04-27,10265.57,Withdrawal,Phone,Failed,Interest credit
TXN001167,ACC0059,CUST0059,BR003,2024-07-28,10715.31,Deposit,Phone,Completed,Service fee
TXN001168,ACC0433,CUST0433,BR007,2023-08-04,17555.29,Interest,Online,Completed,ATM withdrawal
TXN001169,ACC0046,CUST0046,BR001,2024-04-22,2600.85,Payment,Phone,Completed,Wire transfer
TXN001170,ACC0258,CUST0258,BR010,2022-03-08,16696.08,Fee,Mobile,Completed,Transfer to savings
TXN001171,ACC0059,CUST0059,BR004,2024-08-19,23764.28,Withdrawal,Branch,Pending,Transfer to savings
TXN001172,ACC0004,CUST0004,BR006,2023-04-04,12693.94,Withdrawal,ATM,Pending,Transfer to savings
TXN001173,ACC0345,CUST0345,BR004,2022-01-09,22505.68,Withdrawal,Online,Completed,Direct deposit
TXN001174,ACC0420,CUST0420,BR010,2023-10-13,8383.9,Refund,Branch,Failed,Loan payment
TXN001175,ACC0316,CUST0316,BR007,2022-04-16,20035.28,Transfer,Mobile,Completed,Bill payment
TXN001176,ACC0207,CUST0207,BR006,2024-11-25,3969.51,Deposit,Mobile,Completed,Transfer to savings
TXN001177,ACC0432,CUST0432,BR005,2022-11-22,23718.02,Deposit,Online,Completed,Overdraft fee
TXN001178,ACC0079,CUST0079,BR001,2022-06-11,14299.13,Deposit,Mobile,Completed,Interest credit
TXN001179,ACC0096,CUST0096,BR004,2023-03-31,7430.09,Transfer,Mobile,Completed,Transfer to savings
TXN001180,ACC0395,CUST0395,BR005,2022-04-16,6881.37,Interest,Online,Completed,ATM withdrawal
TXN001181,ACC0057,CUST0057,BR008,2022-09-09,2685.85,Withdrawal,Mobile,Completed,Interest credit
TXN001182,ACC0468,CUST0468,BR004,2024-03-11,2525.79,Payment,Branch,Failed,ATM withdrawal
TXN001183,ACC0108,CUST0108,BR007,2024-02-08,22243.94,Transfer,Branch,Completed,Monthly deposit
TXN001184,ACC0463,CUST0463,BR003,2022-03-06,2939.01,Withdrawal,ATM,Completed,Direct deposit
TXN001185,ACC0003,CUST0003,BR003,2024-12-04,18545.0,Interest,Mobile,Completed,Direct deposit
TXN001186,ACC0263,CUST0263,BR003,2023-03-19,21673.19,Deposit,Mobile,Completed,ATM withdrawal
TXN001187,ACC0373,CUST0373,BR003,2023-07-03,6848.93,Deposit,Online,Completed,Service fee
TXN001188,ACC0240,CUST0240,BR008,2024-06-12,12821.29,Withdrawal,Mobile,Completed,Service fee
TXN001189,ACC0493,CUST0493,BR007,2022-07-30,14595.37,Payment,ATM,Completed,Wire transfer
TXN001190,ACC0222,CUST0222,BR008,2024-05-17,14912.28,Withdrawal,ATM,Completed,Transfer to savings
TXN001191,ACC0103,CUST0103,BR010,2023-12-24,9355.27,Transfer,Online,Pending,Direct deposit
TXN001192,ACC0130,CUST0130,BR010,2024-04-19,7343.9,Fee,Phone,Completed,Bill payment
TXN001193,ACC0415,CUST0415,BR006,2024-05-29,19774.5,Withdrawal,Online,Completed,Bill payment
TXN001194,ACC0400,CUST0400,BR006,2022-09-08,250.73,Payment,ATM,Completed,Interest credit
TXN001195,ACC0461,CUST0461,BR004,2022-05-16,9645.92,Transfer,Phone,Completed,Overdraft fee
TXN001196,ACC0485,CUST0485,BR002,2024-05-13,17056.48,Withdrawal,ATM,Completed,Wire transfer
TXN001197,ACC0256,CUST0256,BR001,2023-07-17,10536.72,Deposit,Mobile,Completed,Loan payment
TXN001198,ACC0296,CUST0296,BR001,2023-08-07,455.73,Payment,Phone,Pending,Service fee
TXN001199,ACC0068,CUST0068,BR007,2022-03-17,22396.78,Interest,Online,Completed,Wire transfer
TXN001200,ACC0049,CUST0049,BR007,2023-09-09,6874.09,Payment,Branch,Completed,Wire transfer
TXN001201,ACC0314,CUST0314,BR001,2024-03-16,7468.11,Refund,Branch,Failed,ATM withdrawal
TXN001202,ACC0432,CUST0432,BR006,2022-07-30,741.91,Deposit,Online,Failed,Transfer to savings
TXN001203,ACC0116,CUST0116,BR003,2022-06-30,4787.08,Interest,ATM,Completed,Monthly deposit
TXN001204,ACC0479,CUST0479,BR001,2023-06-16,22084.15,Deposit,Online,Completed,Interest credit
TXN001205,ACC0353,CUST0353,BR010,2024-02-17,6755.1,Deposit,Mobile,Completed,Interest credit
TXN001206,ACC0442,CUST0442,BR003,2024-04-26,15926.22,Payment,Phone,Completed,Wire transfer
TXN001207,ACC0500,CUST0500,BR005,2023-10-22,19318.37,Transfer,Online,Completed,ATM withdrawal
TXN001208,ACC0181,CUST0181,BR009,2023-05-12,16490.42,Payment,Mobile,Completed,Wire transfer
TXN001209,ACC0031,CUST0031,BR004,2022-01-27,16765.77,Transfer,Branch,Completed,Loan payment
TXN001210,ACC0417,CUST0417,BR010,2024-12-16,12853.04,Withdrawal,ATM,Completed,Direct deposit
TXN001211,ACC0055,CUST0055,BR003,2023-03-25,22918.26,Withdrawal,Branch,Completed,Transfer to savings
TXN001212,ACC0097,CUST0097,BR002,2023-07-24,10583.12,Payment,Phone,Completed,ATM withdrawal
TXN001213,ACC0382,CUST0382,BR002,2023-05-08,424.53,Transfer,ATM,Completed,Wire transfer
TXN001214,ACC0181,CUST0181,BR005,2022-08-31,23173.92,Deposit,Branch,Completed,Transfer to savings
TXN001215,ACC0261,CUST0261,BR006,2022-04-19,11039.1,Withdrawal,Online,Completed,Transfer to savings
TXN001216,ACC0100,CUST0100,BR005,2023-01-23,10073.28,Transfer,Phone,Completed,ATM withdrawal
TXN001217,ACC0349,CUST0349,BR001,2023-05-25,23974.7,Deposit,Online,Completed,Loan payment
TXN001218,ACC0034,CUST0034,BR009,2022-07-26,6893.73,Interest,Branch,Completed,Service fee
TXN001219,ACC0254,CUST0254,BR004,2022-12-17,19645.33,Withdrawal,ATM,Completed,Monthly deposit
TXN001220,ACC0049,CUST0049,BR003,2024-10-27,22695.48,Transfer,ATM,Completed,Bill payment
TXN001221,ACC0162,CUST0162,BR002,2022-12-08,4691.74,Interest,Mobile,Completed,Transfer to savings
TXN001222,ACC0172,CUST0172,BR001,2022-12-30,24359.53,Interest,Mobile,Pending,Overdraft fee
TXN001223,ACC0181,CUST0181,BR008,2022-01-03,12212.8,Deposit,Online,Completed,Service fee
TXN001224,ACC0428,CUST0428,BR004,2024-12-11,12583.63,Payment,Online,Completed,Interest credit
TXN001225,ACC0232,CUST0232,BR008,2023-12-20,24744.93,Withdrawal,Branch,Completed,Interest credit
TXN001226,ACC0155,CUST0155,BR006,2024-11-26,19365.41,Fee,Phone,Completed,Direct deposit
TXN001227,ACC0373,CUST0373,BR001,2022-10-30,24466.15,Fee,Mobile,Completed,Overdraft fee
TXN001228,ACC0380,CUST0380,BR007,2024-01-07,5165.62,Deposit,Branch,Failed,Direct deposit
TXN001229,ACC0461,CUST0461,BR008,2024-12-15,4382.06,Interest,ATM,Completed,Transfer to savings
TXN001230,ACC0484,CUST0484,BR005,2023-09-26,4772.41,Transfer,ATM,Completed,Wire transfer
TXN001231,ACC0291,CUST0291,BR006,2023-08-14,2763.66,Deposit,Mobile,Completed,Service fee
TXN001232,ACC0320,CUST0320,BR009,2022-11-30,7598.1,Withdrawal,ATM,Completed,Service fee
TXN001233,ACC0423,CUST0423,BR010,2022-09-10,1339.3,Withdrawal,Branch,Pending,Monthly deposit
TXN001234,ACC0129,CUST0129,BR003,2023-12-19,21969.27,Payment,Phone,Completed,Bill payment
TXN001235,ACC0489,CUST0489,BR002,2023-07-09,3574.68,Payment,Branch,Completed,Loan payment
TXN001236,ACC0017,CUST0017,BR008,2023-12-28,6225.73,Payment,Branch,Failed,ATM withdrawal
TXN001237,ACC0458,CUST0458,BR005,2023-09-11,14930.0,Deposit,Branch,Completed,Overdraft fee
TXN001238,ACC0072,CUST0072,BR004,2023-05-28,3400.91,Transfer,ATM,Completed,Wire transfer
TXN001239,ACC0280,CUST0280,BR003,2024-02-09,19562.32,Fee,Online,Completed,Interest credit
TXN001240,ACC0258,CUST0258,BR006,2024-08-17,8861.3,Transfer,Branch,Pending,Monthly deposit
TXN001241,ACC0491,CUST0491,BR007,2022-07-01,18898.85,Transfer,ATM,Completed,Interest credit
TXN001242,ACC0066,CUST0066,BR010,2023-08-24,1347.87,Fee,Mobile,Completed,Direct deposit
TXN001243,ACC0236,CUST0236,BR001,2022-06-23,1376.77,Fee,Online,Completed,Service fee
TXN001244,ACC0290,CUST0290,BR008,2023-11-10,21609.21,Deposit,Phone,Completed,Monthly deposit
TXN001245,ACC0360,CUST0360,BR004,2024-11-23,3612.36,Payment,Branch,Pending,Bill payment
TXN001246,ACC0155,CUST0155,BR005,2022-01-14,20142.36,Transfer,Mobile,Completed,Overdraft fee
TXN001247,ACC0451,CUST0451,BR002,2024-11-30,2430.62,Deposit,Branch,Completed,Transfer to savings
TXN001248,ACC0029,CUST0029,BR002,2023-09-07,10119.89,Refund,Mobile,Completed,Overdraft fee
TXN001249,ACC0349,CUST0349,BR008,2022-09-10,10814.52,Transfer,Mobile,Completed,Loan payment
TXN001250,ACC0088,CUST0088,BR009,2023-02-15,11909.2,Withdrawal,Online,Completed,Service fee
TXN001251,ACC0201,CUST0201,BR007,2022-08-08,11604.45,Fee,Mobile,Completed,Overdraft fee
TXN001252,ACC0200,CUST0200,BR001,2023-09-13,861.75,Payment,Phone,Pending,Interest credit
TXN001253,ACC0493,CUST0493,BR003,2024-08-16,22061.78,Transfer,Online,Completed,Direct deposit
TXN001254,ACC0108,CUST0108,BR006,2024-12-11,9771.7,Deposit,Mobile,Completed,Interest credit
TXN001255,ACC0236,CUST0236,BR003,2023-07-25,19626.17,Payment,Branch,Pending,Wire transfer
TXN001256,ACC0193,CUST0193,BR008,2023-01-05,14405.21,Interest,Phone,Completed,Overdraft fee
TXN001257,ACC0490,CUST0490,BR010,2023-12-14,14616.49,Fee,Online,Pending,Bill payment
TXN001258,ACC0119,CUST0119,BR002,2022-08-06,12490.85,Payment,ATM,Failed,Loan payment
TXN001259,ACC0054,CUST0054,BR003,2024-02-26,18897.79,Withdrawal,Online,Completed,Monthly deposit
TXN001260,ACC0434,CUST0434,BR002,2024-06-23,19086.17,Transfer,Online,Completed,Wire transfer
TXN001261,ACC0194,CUST0194,BR003,2023-02-14,4900.99,Transfer,ATM,Completed,Transfer to savings
TXN001262,ACC0417,CUST0417,BR009,2023-01-29,2159.6,Deposit,Online,Completed,Monthly deposit
TXN001263,ACC0185,CUST0185,BR007,2022-05-28,8524.38,Payment,Phone,Pending,Overdraft fee
TXN001264,ACC0424,CUST0424,BR008,2024-10-22,8809.13,Transfer,Phone,Completed,Wire transfer
TXN001265,ACC0219,CUST0219,BR007,2022-05-26,14233.12,Deposit,Phone,Completed,Loan payment
TXN001266,ACC0027,CUST0027,BR010,2023-11-09,573.34,Fee,ATM,Completed,Interest credit
TXN001267,ACC0035,CUST0035,BR003,2023-08-13,1878.68,Transfer,Phone,Completed,Transfer to savings
TXN001268,ACC0317,CUST0317,BR001,2022-08-16,14573.49,Interest,ATM,Completed,Transfer to savings
TXN001269,ACC0134,CUST0134,BR004,2023-11-17,22201.82,Deposit,Mobile,Completed,Monthly deposit
TXN001270,ACC0121,CUST0121,BR008,2022-05-30,20143.5,Transfer,Phone,Completed,Monthly deposit
TXN001271,ACC0178,CUST0178,BR002,2024-05-02,14957.71,Transfer,Online,Completed,Bill payment
TXN001272,ACC0139,CUST0139,BR001,2022-08-02,899.65,Transfer,ATM,Completed,Loan payment
TXN001273,ACC0011,CUST0011,BR001,2022-02-23,19342.59,Fee,Phone,Completed,Monthly deposit
TXN001274,ACC0283,CUST0283,BR008,2022-04-17,9684.25,Withdrawal,Mobile,Completed,Bill payment
TXN001275,ACC0060,CUST0060,BR008,2022-08-30,22429.7,Refund,ATM,Completed,Monthly deposit
TXN001276,ACC0122,CUST0122,BR004,2022-07-08,14719.55,Deposit,Phone,Failed,Monthly deposit
TXN001277,ACC0448,CUST0448,BR004,2022-04-27,1924.53,Deposit,Mobile,Completed,Overdraft fee
TXN001278,ACC0336,CUST0336,BR004,2023-08-22,3251.61,Withdrawal,Online,Completed,Direct deposit
TXN001279,ACC0106,CUST0106,BR008,2024-01-02,22442.03,Fee,Branch,Failed,Direct deposit
TXN001280,ACC0150,CUST0150,BR004,2024-12-14,22325.53,Withdrawal,Phone,Completed,Transfer to savings
TXN001281,ACC0362,CUST0362,BR010,2024-09-22,7001.8,Deposit,Mobile,Completed,Service fee
TXN001282,ACC0380,CUST0380,BR009,2023-03-08,3077.47,Payment,Mobile,Completed,Wire transfer
TXN001283,ACC0333,CUST0333,BR008,2022-08-22,542.03,Fee,ATM,Completed,ATM withdrawal
TXN001284,ACC0031,CUST0031,BR005,2024-02-26,12388.98,Fee,Branch,Completed,Transfer to savings
TXN001285,ACC0095,CUST0095,BR007,2024-12-26,1315.97,Withdrawal,Phone,Failed,Overdraft fee
TXN001286,ACC0387,CUST0387,BR006,2023-06-22,20257.99,Transfer,Online,Pending,Transfer to savings
TXN001287,ACC0444,CUST0444,BR007,2022-04-27,20186.84,Transfer,ATM,Failed,Wire transfer
TXN001288,ACC0218,CUST0218,BR010,2024-11-28,6509.92,Refund,Branch,Failed,Bill payment
TXN001289,ACC0465,CUST0465,BR001,2023-07-29,19991.73,Refund,Online,Completed,Service fee
TXN001290,ACC0173,CUST0173,BR010,2024-03-19,974.77,Withdrawal,ATM,Completed,Overdraft fee
TXN001291,ACC0007,CUST0007,BR002,2023-09-21,14215.34,Withdrawal,ATM,Completed,Monthly deposit
TXN001292,ACC0226,CUST0226,BR001,2024-08-13,934.72,Withdrawal,Phone,Completed,ATM withdrawal
TXN001293,ACC0142,CUST0142,BR010,2023-10-06,23832.8,Withdrawal,ATM,Completed,Wire transfer
TXN001294,ACC0066,CUST0066,BR004,2022-12-24,3681.08,Transfer,Online,Completed,Bill payment
TXN001295,ACC0351,CUST0351,BR009,2024-06-20,14501.47,Deposit,Mobile,Completed,Service fee
TXN001296,ACC0500,CUST0500,BR005,2022-02-03,16962.91,Fee,ATM,Completed,Loan payment
TXN001297,ACC0180,CUST0180,BR002,2022-06-08,12678.38,Deposit,Online,Completed,Interest credit
TXN001298,ACC0425,CUST0425,BR007,2022-05-27,16050.76,Fee,Mobile,Completed,Interest credit
TXN001299,ACC0172,CUST0172,BR007,2024-02-07,11772.42,Refund,Phone,Completed,Service fee
TXN001300,ACC0477,CUST0477,BR003,2022-02-22,2664.74,Deposit,ATM,Completed,Direct deposit
TXN001301,ACC0402,CUST0402,BR010,2023-12-06,23499.1,Withdrawal,Phone,Completed,Transfer to savings
TXN001302,ACC0391,CUST0391,BR002,2022-06-08,23966.04,Refund,Phone,Completed,Direct deposit
TXN001303,ACC0376,CUST0376,BR007,2022-09-06,21191.4,Transfer,Online,Completed,Direct deposit
TXN001304,ACC0226,CUST0226,BR006,2023-07-06,4883.64,Transfer,Mobile,Completed,Interest credit
TXN001305,ACC0119,CUST0119,BR008,2023-10-07,18707.23,Deposit,Mobile,Failed,Transfer to savings
TXN001306,ACC0186,CUST0186,BR002,2023-12-22,14015.82,Deposit,ATM,Completed,Wire transfer
TXN001307,ACC0403,CUST0403,BR007,2023-04-16,14237.86,Fee,Mobile,Completed,Transfer to savings
TXN001308,ACC0346,CUST0346,BR010,2022-10-10,15142.59,Payment,ATM,Completed,Transfer to savings
TXN001309,ACC0259,CUST0259,BR003,2024-10-09,15819.42,Payment,Mobile,Completed,ATM withdrawal
TXN001310,ACC0215,CUST0215,BR005,2024-08-20,18573.92,Deposit,Online,Completed,Bill payment
TXN001311,ACC0038,CUST0038,BR003,2024-11-20,21673.33,Interest,Branch,Completed,Direct deposit
TXN001312,ACC0124,CUST0124,BR005,2022-09-01,8426.84,Fee,ATM,Completed,Monthly deposit
TXN001313,ACC0038,CUST0038,BR006,2024-07-08,22767.75,Transfer,Branch,Completed,Bill payment
TXN001314,ACC0376,CUST0376,BR003,2024-11-09,2103.9,Interest,Phone,Completed,Wire transfer
TXN001315,ACC0195,CUST0195,BR006,2024-06-17,4426.29,Payment,ATM,Completed,Service fee
TXN001316,ACC0253,CUST0253,BR006,2022-04-09,14107.64,Interest,Phone,Failed,Service fee
TXN001317,ACC0166,CUST0166,BR007,2023-10-15,18934.93,Refund,Online,Completed,Loan payment
TXN001318,ACC0221,CUST0221,BR009,2023-07-24,14382.69,Transfer,Online,Completed,Service fee
TXN001319,ACC0141,CUST0141,BR008,2024-06-17,5598.6,Deposit,ATM,Completed,Loan payment
TXN001320,ACC0342,CUST0342,BR005,2022-10-16,2408.44,Transfer,Phone,Completed,Monthly deposit
TXN001321,ACC0492,CUST0492,BR009,2023-02-04,176.56,Fee,Online,Completed,Overdraft fee
TXN001322,ACC0219,CUST0219,BR008,2024-12-02,3163.21,Transfer,Online,Pending,ATM withdrawal
TXN001323,ACC0228,CUST0228,BR007,2024-10-07,6583.78,Fee,ATM,Completed,Interest credit
TXN001324,ACC0412,CUST0412,BR002,2023-04-01,18186.77,Withdrawal,Phone,Completed,Direct deposit
TXN001325,ACC0345,CUST0345,BR002,2023-10-07,22307.89,Deposit,Online,Completed,Interest credit
TXN001326,ACC0098,CUST0098,BR009,2022-03-14,23730.07,Transfer,Mobile,Completed,Loan payment
TXN001327,ACC0345,CUST0345,BR004,2023-06-28,11758.18,Transfer,Mobile,Completed,Loan payment
TXN001328,ACC0326,CUST0326,BR002,2024-11-23,21430.35,Payment,Online,Completed,Overdraft fee
TXN001329,ACC0107,CUST0107,BR003,2022-03-21,10459.8,Withdrawal,Branch,Completed,Interest credit
TXN001330,ACC0248,CUST0248,BR009,2023-01-04,21948.46,Fee,ATM,Completed,Transfer to savings
TXN001331,ACC0307,CUST0307,BR006,2024-09-12,7392.48,Deposit,ATM,Completed,Loan payment
TXN001332,ACC0340,CUST0340,BR007,2022-08-26,4413.1,Refund,Online,Completed,Bill payment
TXN001333,ACC0397,CUST0397,BR008,2024-09-28,15030.46,Payment,Online,Completed,Transfer to savings
TXN001334,ACC0032,CUST0032,BR009,2023-10-24,6547.52,Withdrawal,Branch,Completed,Service fee
TXN001335,ACC0468,CUST0468,BR001,2023-07-04,12142.78,Deposit,Online,Completed,Overdraft fee
TXN001336,ACC0449,CUST0449,BR003,2023-02-27,19491.0,Deposit,Phone,Completed,Direct deposit
TXN001337,ACC0011,CUST0011,BR001,2024-02-16,2265.42,Payment,ATM,Completed,Monthly deposit
TXN001338,ACC0266,CUST0266,BR004,2024-01-12,13391.46,Refund,Phone,Completed,Service fee
TXN001339,ACC0411,CUST0411,BR003,2024-02-05,8294.24,Deposit,Mobile,Completed,Monthly deposit
TXN001340,ACC0387,CUST0387,BR009,2022-07-29,12542.47,Payment,Online,Completed,Loan payment
TXN001341,ACC0324,CUST0324,BR004,2022-03-11,6818.73,Deposit,Branch,Completed,Service fee
TXN001342,ACC0442,CUST0442,BR002,2022-06-06,1856.52,Payment,Branch,Completed,Direct deposit
TXN001343,ACC0310,CUST0310,BR003,2022-07-15,18399.48,Payment,Mobile,Pending,Interest credit
TXN001344,ACC0218,CUST0218,BR009,2022-02-17,7560.83,Transfer,Online,Completed,Wire transfer
TXN001345,ACC0193,CUST0193,BR005,2024-05-29,2335.63,Refund,Phone,Completed,Direct deposit
TXN001346,ACC0260,CUST0260,BR004,2024-02-23,440.14,Transfer,Branch,Completed,ATM withdrawal
TXN001347,ACC0232,CUST0232,BR004,2022-02-20,9939.74,Deposit,ATM,Completed,Service fee
TXN001348,ACC0171,CUST0171,BR003,2022-06-21,2393.77,Deposit,Branch,Completed,Transfer to savings
TXN001349,ACC0316,CUST0316,BR008,2024-12-07,18078.58,Transfer,Mobile,Completed,Transfer to savings
TXN001350,ACC0160,CUST0160,BR006,2022-11-05,922.38,Payment,Phone,Completed,Loan payment
TXN001351,ACC0387,CUST0387,BR009,2024-09-27,13644.26,Withdrawal,Mobile,Completed,Direct deposit
TXN001352,ACC0285,CUST0285,BR002,2022-08-04,10648.29,Deposit,Mobile,Completed,ATM withdrawal
TXN001353,ACC0086,CUST0086,BR004,2024-06-15,21745.03,Deposit,Branch,Completed,Direct deposit
TXN001354,ACC0250,CUST0250,BR003,2024-05-06,9991.15,Withdrawal,Branch,Completed,Service fee
TXN001355,ACC0268,CUST0268,BR006,2024-02-01,14099.62,Deposit,ATM,Completed,Overdraft fee
TXN001356,ACC0488,CUST0488,BR006,2024-11-29,15116.9,Transfer,Mobile,Failed,Bill payment
TXN001357,ACC0085,CUST0085,BR009,2024-08-28,255.43,Withdrawal,Mobile,Failed,Monthly deposit
TXN001358,ACC0160,CUST0160,BR004,2023-02-13,17354.19,Transfer,ATM,Completed,Overdraft fee
TXN001359,ACC0081,CUST0081,BR002,2023-12-19,15912.22,Interest,ATM,Failed,Service fee
TXN001360,ACC0146,CUST0146,BR007,2023-09-19,9188.2,Payment,ATM,Completed,Loan payment
TXN001361,ACC0040,CUST0040,BR010,2022-11-09,2583.38,Deposit,Mobile,Completed,Direct deposit
TXN001362,ACC0301,CUST0301,BR007,2023-11-08,14395.64,Fee,Phone,Completed,Overdraft fee
TXN001363,ACC0343,CUST0343,BR008,2023-03-05,4210.8,Payment,Mobile,Completed,Bill payment
TXN001364,ACC0074,CUST0074,BR003,2024-08-31,21866.61,Withdrawal,Online,Completed,Transfer to savings
TXN001365,ACC0341,CUST0341,BR008,2023-11-01,7570.93,Payment,Mobile,Completed,Transfer to savings
TXN001366,ACC0362,CUST0362,BR008,2023-12-29,7800.93,Transfer,Phone,Completed,Loan payment
TXN001367,ACC0490,CUST0490,BR003,2023-07-23,17786.58,Fee,Phone,Completed,Service fee
TXN001368,ACC0351,CUST0351,BR002,2024-06-10,16305.78,Deposit,ATM,Completed,Interest credit
TXN001369,ACC0373,CUST0373,BR007,2023-03-14,15428.19,Fee,Mobile,Completed,Monthly deposit
TXN001370,ACC0101,CUST0101,BR008,2024-01-10,13154.8,Deposit,ATM,Pending,Service fee
TXN001371,ACC0258,CUST0258,BR001,2023-07-14,847.87,Withdrawal,Branch,Failed,Service fee
TXN001372,ACC0141,CUST0141,BR001,2022-03-04,21581.0,Interest,Phone,Completed,Wire transfer
TXN001373,ACC0384,CUST0384,BR009,2022-08-01,964.46,Deposit,Mobile,Completed,Bill payment
TXN001374,ACC0043,CUST0043,BR007,2022-09-02,1410.64,Transfer,Online,Pending,Service fee
TXN001375,ACC0437,CUST0437,BR004,2022-02-04,8323.3,Payment,ATM,Completed,Overdraft fee
TXN001376,ACC0370,CUST0370,BR006,2024-11-23,364.14,Payment,Branch,Completed,ATM withdrawal
TXN001377,ACC0099,CUST0099,BR009,2022-10-30,18226.64,Deposit,Branch,Completed,Direct deposit
TXN001378,ACC0210,CUST0210,BR003,2022-01-07,7786.0,Transfer,Online,Completed,ATM withdrawal
TXN001379,ACC0290,CUST0290,BR008,2022-06-30,2915.38,Deposit,Online,Completed,Monthly deposit
TXN001380,ACC0393,CUST0393,BR003,2022-01-22,5445.97,Withdrawal,Online,Failed,Service fee
TXN001381,ACC0429,CUST0429,BR004,2022-09-29,7769.07,Withdrawal,ATM,Completed,Interest credit
TXN001382,ACC0212,CUST0212,BR004,2023-01-21,6827.26,Deposit,ATM,Completed,ATM withdrawal
TXN001383,ACC0251,CUST0251,BR006,2024-01-15,8727.99,Transfer,Branch,Completed,Bill payment
TXN001384,ACC0019,CUST0019,BR010,2024-02-29,3901.05,Transfer,Branch,Completed,Service fee
TXN001385,ACC0107,CUST0107,BR006,2024-10-28,13794.76,Payment,ATM,Completed,Service fee
TXN001386,ACC0112,CUST0112,BR008,2023-06-19,795.89,Deposit,Mobile,Completed,Interest credit
TXN001387,ACC0191,CUST0191,BR010,2024-02-13,16461.04,Interest,ATM,Completed,Monthly deposit
TXN001388,ACC0082,CUST0082,BR007,2024-08-31,8374.46,Transfer,Online,Completed,Bill payment
TXN001389,ACC0240,CUST0240,BR009,2023-01-17,18803.61,Withdrawal,Phone,Completed,Transfer to savings
TXN001390,ACC0375,CUST0375,BR007,2024-08-27,20854.07,Withdrawal,ATM,Completed,Transfer to savings
TXN001391,ACC0154,CUST0154,BR001,2023-04-25,19081.69,Interest,Phone,Completed,Service fee
TXN001392,ACC0489,CUST0489,BR010,2024-03-31,14830.97,Deposit,Mobile,Pending,Direct deposit
TXN001393,ACC0102,CUST0102,BR010,2022-10-13,3255.97,Withdrawal,Online,Completed,Bill payment
TXN001394,ACC0411,CUST0411,BR006,2024-07-28,9905.89,Transfer,Mobile,Completed,Service fee
TXN001395,ACC0042,CUST0042,BR003,2023-04-29,21445.48,Withdrawal,Mobile,Completed,Interest credit
TXN001396,ACC0003,CUST0003,BR008,2022-11-23,8624.35,Transfer,Branch,Pending,Transfer to savings
TXN001397,ACC0426,CUST0426,BR008,2023-05-13,19078.77,Deposit,Mobile,Failed,Transfer to savings
TXN001398,ACC0396,CUST0396,BR006,2023-08-03,20496.58,Payment,Branch,Completed,Interest credit
TXN001399,ACC0251,CUST0251,BR010,2022-02-25,5550.13,Transfer,Mobile,Completed,Monthly deposit
TXN001400,ACC0313,CUST0313,BR010,2024-03-26,22865.5,Transfer,Mobile,Completed,Service fee
TXN001401,ACC0223,CUST0223,BR002,2023-11-27,9607.82,Deposit,Mobile,Completed,Wire transfer
TXN001402,ACC0018,CUST0018,BR005,2024-05-13,4496.15,Withdrawal,Phone,Completed,ATM withdrawal
TXN001403,ACC0178,CUST0178,BR002,2024-04-08,20090.72,Deposit,ATM,Completed,Wire transfer
TXN001404,ACC0006,CUST0006,BR008,2024-04-02,10567.2,Deposit,Branch,Completed,Overdraft fee
TXN001405,ACC0414,CUST0414,BR008,2024-10-25,9326.9,Transfer,ATM,Failed,ATM withdrawal
TXN001406,ACC0403,CUST0403,BR003,2024-05-18,13297.47,Withdrawal,Online,Completed,Overdraft fee
TXN001407,ACC0133,CUST0133,BR004,2024-11-20,20322.75,Payment,Branch,Completed,Monthly deposit
TXN001408,ACC0063,CUST0063,BR008,2024-07-31,9183.93,Interest,ATM,Completed,Service fee
TXN001409,ACC0393,CUST0393,BR001,2023-07-02,4476.42,Withdrawal,Online,Completed,Monthly deposit
TXN001410,ACC0306,CUST0306,BR002,2024-01-02,18300.29,Transfer,Branch,Completed,ATM withdrawal
TXN001411,ACC0065,CUST0065,BR003,2024-10-07,10783.2,Withdrawal,Branch,Completed,Direct deposit
TXN001412,ACC0292,CUST0292,BR008,2022-03-25,1922.64,Withdrawal,Mobile,Completed,ATM withdrawal
TXN001413,ACC0196,CUST0196,BR009,2022-06-11,8450.94,Transfer,ATM,Completed,Service fee
TXN001414,ACC0370,CUST0370,BR002,2024-06-06,24129.35,Payment,Phone,Completed,Direct deposit
TXN001415,ACC0277,CUST0277,BR004,2022-04-11,9362.17,Transfer,Branch,Completed,Bill payment
TXN001416,ACC0142,CUST0142,BR009,2022-04-04,15119.52,Interest,ATM,Completed,Monthly deposit
TXN001417,ACC0401,CUST0401,BR007,2022-09-23,6876.47,Transfer,ATM,Completed,Interest credit
TXN001418,ACC0114,CUST0114,BR002,2023-08-13,18206.82,Transfer,Branch,Completed,Interest credit
TXN001419,ACC0278,CUST0278,BR007,2024-09-01,23247.52,Deposit,ATM,Pending,Bill payment
TXN001420,ACC0237,CUST0237,BR008,2023-03-08,13310.69,Deposit,Branch,Completed,Overdraft fee
TXN001421,ACC0496,CUST0496,BR002,2024-09-23,14037.53,Withdrawal,Mobile,Completed,Service fee
TXN001422,ACC0150,CUST0150,BR006,2024-07-13,16865.79,Deposit,Phone,Completed,Overdraft fee
TXN001423,ACC0221,CUST0221,BR007,2022-02-17,18787.2,Withdrawal,Branch,Completed,Direct deposit
TXN001424,ACC0068,CUST0068,BR007,2022-09-10,2433.53,Deposit,Online,Completed,Bill payment
TXN001425,ACC0393,CUST0393,BR007,2024-04-16,8807.1,Deposit,Phone,Completed,ATM withdrawal
TXN001426,ACC0341,CUST0341,BR006,2024-10-25,13395.32,Withdrawal,Branch,Completed,Wire transfer
TXN001427,ACC0081,CUST0081,BR003,2024-03-30,7217.31,Transfer,ATM,Completed,ATM withdrawal
TXN001428,ACC0197,CUST0197,BR010,2024-05-06,24356.44,Withdrawal,Online,Completed,Overdraft fee
TXN001429,ACC0258,CUST0258,BR002,2024-04-17,23637.77,Withdrawal,Mobile,Completed,ATM withdrawal
TXN001430,ACC0488,CUST0488,BR006,2022-02-16,18576.7,Interest,Branch,Pending,Bill payment
TXN001431,ACC0235,CUST0235,BR006,2023-05-06,4388.52,Interest,Mobile,Completed,Monthly deposit
TXN001432,ACC0106,CUST0106,BR010,2024-08-02,11485.23,Payment,Branch,Completed,Wire transfer
TXN001433,ACC0257,CUST0257,BR002,2023-11-10,21803.42,Interest,Mobile,Failed,Monthly deposit
TXN001434,ACC0384,CUST0384,BR001,2024-04-12,21677.9,Refund,Branch,Completed,Service fee
TXN001435,ACC0453,CUST0453,BR009,2022-09-05,17897.71,Transfer,Phone,Completed,Monthly deposit
TXN001436,ACC0150,CUST0150,BR007,2022-03-23,9090.7,Payment,Phone,Completed,ATM withdrawal
TXN001437,ACC0054,CUST0054,BR003,2023-06-22,18950.93,Transfer,Online,Completed,Interest credit
TXN001438,ACC0073,CUST0073,BR004,2024-09-15,5260.02,Deposit,Online,Completed,Loan payment
TXN001439,ACC0388,CUST0388,BR005,2023-12-03,7389.35,Withdrawal,Branch,Completed,Overdraft fee
TXN001440,ACC0019,CUST0019,BR003,2022-10-31,13049.26,Deposit,ATM,Completed,Service fee
TXN001441,ACC0484,CUST0484,BR003,2023-09-17,11887.37,Withdrawal,ATM,Completed,Bill payment
TXN001442,ACC0076,CUST0076,BR010,2023-08-22,21480.1,Withdrawal,Mobile,Completed,Service fee
TXN001443,ACC0076,CUST0076,BR010,2022-01-25,6492.94,Payment,Phone,Completed,Bill payment
TXN001444,ACC0498,CUST0498,BR006,2022-11-16,14682.51,Transfer,Phone,Pending,Wire transfer
TXN001445,ACC0332,CUST0332,BR003,2024-12-11,12056.49,Transfer,Branch,Failed,Interest credit
TXN001446,ACC0116,CUST0116,BR005,2023-02-27,5615.51,Withdrawal,Online,Completed,Wire transfer
TXN001447,ACC0292,CUST0292,BR001,2024-12-09,22454.39,Payment,ATM,Completed,ATM withdrawal
TXN001448,ACC0488,CUST0488,BR006,2024-11-05,1689.27,Transfer,Phone,Completed,ATM withdrawal
TXN001449,ACC0497,CUST0497,BR001,2024-07-03,14171.89,Deposit,ATM,Completed,Loan payment
TXN001450,ACC0117,CUST0117,BR008,2022-12-30,1015.42,Transfer,Phone,Completed,ATM withdrawal
TXN001451,ACC0464,CUST0464,BR003,2024-12-06,7575.99,Deposit,Mobile,Completed,Wire transfer
TXN001452,ACC0051,CUST0051,BR009,2022-04-15,7978.27,Transfer,Mobile,Completed,Wire transfer
TXN001453,ACC0102,CUST0102,BR002,2023-03-17,14961.36,Withdrawal,Online,Pending,ATM withdrawal
TXN001454,ACC0369,CUST0369,BR008,2023-02-03,14727.55,Transfer,Branch,Completed,Transfer to savings
TXN001455,ACC0308,CUST0308,BR005,2024-10-05,15781.89,Withdrawal,Branch,Failed,Service fee
TXN001456,ACC0136,CUST0136,BR009,2023-05-25,8535.15,Payment,Phone,Completed,Bill payment
TXN001457,ACC0250,CUST0250,BR001,2023-10-16,22335.25,Transfer,Branch,Completed,Transfer to savings
TXN001458,ACC0345,CUST0345,BR005,2022-07-13,23133.13,Withdrawal,Phone,Completed,ATM withdrawal
TXN001459,ACC0391,CUST0391,BR004,2023-03-13,7686.94,Withdrawal,Phone,Completed,Overdraft fee
TXN001460,ACC0108,CUST0108,BR010,2022-11-13,8100.9,Deposit,Branch,Pending,Overdraft fee
TXN001461,ACC0340,CUST0340,BR003,2023-10-29,23918.11,Refund,Phone,Completed,Service fee
TXN001462,ACC0118,CUST0118,BR005,2024-08-24,23358.91,Fee,ATM,Completed,Interest credit
TXN001463,ACC0425,CUST0425,BR006,2024-07-10,7707.34,Transfer,Branch,Failed,Monthly deposit
TXN001464,ACC0496,CUST0496,BR007,2023-12-26,16148.36,Deposit,Branch,Completed,Loan payment
TXN001465,ACC0107,CUST0107,BR005,2023-08-27,20815.47,Deposit,Branch,Completed,Direct deposit
TXN001466,ACC0379,CUST0379,BR004,2023-03-17,15442.72,Withdrawal,ATM,Completed,Interest credit
TXN001467,ACC0371,CUST0371,BR008,2024-08-20,23801.61,Interest,Branch,Pending,Wire transfer
TXN001468,ACC0128,CUST0128,BR005,2024-02-08,1492.33,Deposit,ATM,Completed,Service fee
TXN001469,ACC0057,CUST0057,BR008,2022-10-03,22022.43,Deposit,Branch,Pending,Overdraft fee
TXN001470,ACC0154,CUST0154,BR010,2023-02-14,14050.29,Withdrawal,ATM,Completed,Service fee
TXN001471,ACC0286,CUST0286,BR009,2023-08-20,17242.36,Deposit,Online,Completed,Interest credit
TXN001472,ACC0491,CUST0491,BR006,2024-07-02,18684.36,Deposit,ATM,Completed,Interest credit
TXN001473,ACC0102,CUST0102,BR005,2023-06-07,15094.39,Interest,Mobile,Completed,Transfer to savings
TXN001474,ACC0413,CUST0413,BR008,2022-04-09,20793.54,Deposit,Phone,Completed,Monthly deposit
TXN001475,ACC0492,CUST0492,BR009,2023-11-01,19755.54,Transfer,Phone,Completed,ATM withdrawal
TXN001476,ACC0290,CUST0290,BR002,2022-08-19,13298.74,Payment,Online,Completed,Loan payment
TXN001477,ACC0385,CUST0385,BR002,2024-06-01,20445.72,Transfer,Mobile,Completed,Overdraft fee
TXN001478,ACC0174,CUST0174,BR008,2024-12-16,19530.01,Payment,Branch,Completed,Service fee
TXN001479,ACC0004,CUST0004,BR010,2024-03-09,481.6,Deposit,Branch,Pending,Overdraft fee
TXN001480,ACC0346,CUST0346,BR006,2024-12-26,11449.26,Payment,Phone,Pending,Overdraft fee
TXN001481,ACC0079,CUST0079,BR004,2022-10-31,5161.54,Deposit,Online,Failed,Monthly deposit
TXN001482,ACC0400,CUST0400,BR003,2023-12-15,23866.97,Withdrawal,ATM,Completed,Loan payment
TXN001483,ACC0156,CUST0156,BR003,2024-05-18,24775.18,Deposit,Mobile,Completed,Wire transfer
TXN001484,ACC0064,CUST0064,BR007,2022-02-22,11104.37,Payment,Mobile,Completed,Transfer to savings
TXN001485,ACC0102,CUST0102,BR004,2024-02-19,14759.53,Deposit,Mobile,Completed,Direct deposit
TXN001486,ACC0063,CUST0063,BR003,2023-03-06,3017.75,Transfer,Phone,Failed,Transfer to savings
TXN001487,ACC0098,CUST0098,BR004,2022-07-05,19996.78,Withdrawal,ATM,Failed,Monthly deposit
TXN001488,ACC0004,CUST0004,BR007,2024-05-10,10013.71,Fee,ATM,Completed,ATM withdrawal
TXN001489,ACC0223,CUST0223,BR005,2023-04-15,24992.67,Deposit,Branch,Completed,Service fee
TXN001490,ACC0374,CUST0374,BR006,2022-04-03,3526.99,Deposit,Phone,Completed,Bill payment
TXN001491,ACC0356,CUST0356,BR008,2022-03-21,1538.92,Fee,ATM,Completed,Bill payment
TXN001492,ACC0215,CUST0215,BR003,2022-12-24,23407.93,Refund,Mobile,Failed,Bill payment
TXN001493,ACC0016,CUST0016,BR008,2023-02-22,7658.56,Transfer,ATM,Completed,Monthly deposit
TXN001494,ACC0170,CUST0170,BR001,2024-08-21,865.23,Fee,Branch,Completed,Overdraft fee
TXN001495,ACC0370,CUST0370,BR009,2022-12-14,3962.73,Deposit,Mobile,Failed,ATM withdrawal
TXN001496,ACC0496,CUST0496,BR008,2024-08-09,24584.39,Fee,Phone,Pending,Monthly deposit
TXN001497,ACC0160,CUST0160,BR008,2024-08-19,22489.73,Withdrawal,ATM,Completed,Overdraft fee
TXN001498,ACC0343,CUST0343,BR002,2024-09-05,12325.11,Fee,Phone,Completed,Bill payment
TXN001499,ACC0413,CUST0413,BR003,2023-04-07,16483.66,Payment,Branch,Completed,Loan payment
TXN001500,ACC0116,CUST0116,BR005,2023-01-14,18253.46,Withdrawal,Branch,Completed,Overdraft fee
TXN001501,ACC0453,CUST0453,BR005,2022-09-27,8205.32,Withdrawal,Mobile,Failed,Monthly deposit
TXN001502,ACC0383,CUST0383,BR007,2022-04-09,19856.93,Refund,Online,Completed,Loan payment
TXN001503,ACC0083,CUST0083,BR007,2023-10-23,302.7,Transfer,ATM,Pending,Overdraft fee
TXN001504,ACC0208,CUST0208,BR008,2023-03-16,11335.31,Withdrawal,Branch,Completed,Direct deposit
TXN001505,ACC0474,CUST0474,BR006,2023-11-22,24917.18,Deposit,ATM,Completed,Direct deposit
TXN001506,ACC0234,CUST0234,BR002,2023-12-03,19084.1,Withdrawal,ATM,Completed,Direct deposit
TXN001507,ACC0065,CUST0065,BR002,2023-04-11,24377.45,Fee,Online,Completed,Interest credit
TXN001508,ACC0158,CUST0158,BR008,2024-06-12,13836.93,Interest,Phone,Pending,Direct deposit
TXN001509,ACC0100,CUST0100,BR003,2023-03-31,19400.02,Deposit,ATM,Completed,Overdraft fee
TXN001510,ACC0441,CUST0441,BR009,2024-12-11,1184.41,Transfer,Phone,Failed,Direct deposit
TXN001511,ACC0086,CUST0086,BR006,2022-11-22,2512.45,Deposit,Phone,Failed,Bill payment
TXN001512,ACC0277,CUST0277,BR010,2024-05-18,21458.8,Withdrawal,Branch,Pending,Transfer to savings
TXN001513,ACC0458,CUST0458,BR008,2024-08-16,8054.81,Payment,ATM,Completed,Direct deposit
TXN001514,ACC0343,CUST0343,BR005,2023-03-04,23077.07,Transfer,Online,Completed,Bill payment
TXN001515,ACC0247,CUST0247,BR003,2023-05-12,9787.04,Deposit,Branch,Completed,Interest credit
TXN001516,ACC0037,CUST0037,BR004,2023-07-20,3519.6,Withdrawal,Phone,Completed,Wire transfer
TXN001517,ACC0073,CUST0073,BR005,2023-11-02,279.12,Deposit,ATM,Completed,Overdraft fee
TXN001518,ACC0242,CUST0242,BR004,2024-06-16,7477.57,Deposit,Phone,Completed,Interest credit
TXN001519,ACC0449,CUST0449,BR005,2022-03-25,9543.73,Interest,Online,Completed,Bill payment
TXN001520,ACC0449,CUST0449,BR008,2023-08-20,5623.59,Deposit,Phone,Pending,Loan payment
TXN001521,ACC0446,CUST0446,BR008,2024-06-04,10547.64,Transfer,ATM,Completed,Service fee
TXN001522,ACC0328,CUST0328,BR009,2023-11-05,10496.94,Fee,ATM,Completed,Wire transfer
TXN001523,ACC0125,CUST0125,BR010,2024-10-10,5542.49,Withdrawal,ATM,Completed,Wire transfer
TXN001524,ACC0288,CUST0288,BR010,2024-02-09,15169.63,Fee,Branch,Completed,ATM withdrawal
TXN001525,ACC0295,CUST0295,BR002,2022-08-29,24168.57,Deposit,Phone,Pending,Transfer to savings
TXN001526,ACC0418,CUST0418,BR007,2022-03-23,8689.14,Payment,Branch,Completed,Transfer to savings
TXN001527,ACC0417,CUST0417,BR007,2022-02-22,5408.83,Deposit,ATM,Failed,Monthly deposit
TXN001528,ACC0374,CUST0374,BR008,2023-06-04,8971.14,Payment,ATM,Completed,Wire transfer
TXN001529,ACC0402,CUST0402,BR001,2023-10-27,11460.53,Refund,ATM,Completed,Direct deposit
TXN001530,ACC0395,CUST0395,BR009,2023-10-22,18520.21,Payment,Mobile,Pending,Interest credit
TXN001531,ACC0181,CUST0181,BR010,2023-04-12,7920.19,Withdrawal,Online,Completed,Wire transfer
TXN001532,ACC0328,CUST0328,BR003,2024-02-23,5061.71,Fee,Branch,Completed,Interest credit
TXN001533,ACC0387,CUST0387,BR003,2022-12-12,8075.77,Deposit,Phone,Completed,Direct deposit
TXN001534,ACC0152,CUST0152,BR009,2022-12-31,9955.3,Payment,Mobile,Completed,Transfer to savings
TXN001535,ACC0437,CUST0437,BR005,2022-10-26,17900.04,Transfer,Branch,Completed,Service fee
TXN001536,ACC0315,CUST0315,BR010,2022-06-18,8102.67,Deposit,Online,Completed,Service fee
TXN001537,ACC0014,CUST0014,BR008,2023-04-05,20832.87,Refund,Mobile,Completed,Loan payment
TXN001538,ACC0075,CUST0075,BR001,2023-08-31,6099.57,Deposit,Phone,Completed,Direct deposit
TXN001539,ACC0283,CUST0283,BR010,2023-01-29,10313.97,Fee,Phone,Completed,Transfer to savings
TXN001540,ACC0383,CUST0383,BR005,2024-01-16,20087.62,Withdrawal,ATM,Failed,Loan payment
TXN001541,ACC0164,CUST0164,BR009,2024-01-02,1935.24,Payment,ATM,Failed,Loan payment
TXN001542,ACC0408,CUST0408,BR009,2022-09-21,2424.57,Interest,Phone,Completed,ATM withdrawal
TXN001543,ACC0414,CUST0414,BR010,2023-04-12,18005.46,Payment,Phone,Completed,Service fee
TXN001544,ACC0295,CUST0295,BR001,2024-07-31,15473.96,Transfer,Branch,Failed,Monthly deposit
TXN001545,ACC0287,CUST0287,BR008,2022-04-28,22397.08,Transfer,Mobile,Completed,Service fee
TXN001546,ACC0292,CUST0292,BR005,2022-02-26,17843.17,Transfer,Mobile,Completed,Wire transfer
TXN001547,ACC0159,CUST0159,BR009,2023-09-16,8270.03,Transfer,Phone,Completed,Direct deposit
TXN001548,ACC0349,CUST0349,BR010,2023-10-07,21569.72,Refund,Online,Completed,ATM withdrawal
TXN001549,ACC0397,CUST0397,BR002,2022-05-11,13249.0,Payment,Mobile,Completed,Bill payment
TXN001550,ACC0428,CUST0428,BR003,2022-03-02,16238.68,Transfer,Online,Completed,Transfer to savings
TXN001551,ACC0294,CUST0294,BR007,2024-04-14,9538.45,Transfer,ATM,Completed,Bill payment
TXN001552,ACC0363,CUST0363,BR007,2023-06-01,12497.05,Deposit,Branch,Completed,ATM withdrawal
TXN001553,ACC0174,CUST0174,BR008,2022-07-12,13101.44,Deposit,Phone,Completed,Interest credit
TXN001554,ACC0049,CUST0049,BR003,2022-01-04,24090.36,Transfer,Online,Completed,Overdraft fee
TXN001555,ACC0289,CUST0289,BR006,2022-05-23,23893.24,Deposit,Phone,Completed,Interest credit
TXN001556,ACC0050,CUST0050,BR003,2024-02-06,14353.89,Interest,Mobile,Completed,Wire transfer
TXN001557,ACC0016,CUST0016,BR010,2022-03-21,23382.97,Interest,Online,Completed,Service fee
TXN001558,ACC0056,CUST0056,BR006,2023-01-05,14756.76,Deposit,Online,Completed,Overdraft fee
TXN001559,ACC0472,CUST0472,BR006,2024-07-20,23215.88,Transfer,Branch,Failed,Direct deposit
TXN001560,ACC0034,CUST0034,BR006,2023-05-20,9148.68,Deposit,Branch,Completed,Interest credit
TXN001561,ACC0031,CUST0031,BR008,2022-07-22,21195.88,Deposit,ATM,Completed,Direct deposit
TXN001562,ACC0268,CUST0268,BR007,2023-02-16,7071.21,Deposit,Mobile,Completed,Transfer to savings
TXN001563,ACC0223,CUST0223,BR007,2022-06-18,12266.73,Transfer,ATM,Completed,Service fee
TXN001564,ACC0255,CUST0255,BR005,2022-04-23,13193.48,Deposit,Online,Completed,Overdraft fee
TXN001565,ACC0278,CUST0278,BR003,2023-10-05,18484.03,Transfer,Online,Completed,Interest credit
TXN001566,ACC0494,CUST0494,BR009,2022-04-18,20595.42,Payment,Branch,Completed,Bill payment
TXN001567,ACC0261,CUST0261,BR006,2022-04-02,22767.45,Deposit,Mobile,Completed,ATM withdrawal
TXN001568,ACC0366,CUST0366,BR004,2024-10-11,5176.36,Transfer,Online,Completed,ATM withdrawal
TXN001569,ACC0474,CUST0474,BR005,2022-01-10,22610.85,Payment,ATM,Failed,Loan payment
TXN001570,ACC0191,CUST0191,BR007,2022-04-02,3906.67,Transfer,Phone,Pending,Transfer to savings
TXN001571,ACC0349,CUST0349,BR010,2023-09-27,5129.86,Fee,ATM,Completed,Transfer to savings
TXN001572,ACC0194,CUST0194,BR005,2023-01-24,20419.95,Transfer,Phone,Completed,Monthly deposit
TXN001573,ACC0357,CUST0357,BR008,2022-09-21,16577.45,Deposit,Online,Pending,Wire transfer
TXN001574,ACC0035,CUST0035,BR003,2023-11-02,4192.49,Payment,Branch,Completed,Overdraft fee
TXN001575,ACC0134,CUST0134,BR002,2022-09-02,9878.71,Interest,Mobile,Completed,Wire transfer
TXN001576,ACC0103,CUST0103,BR003,2024-11-27,24889.01,Transfer,Online,Completed,Transfer to savings
TXN001577,ACC0095,CUST0095,BR002,2022-05-19,6051.38,Transfer,Branch,Completed,Monthly deposit
TXN001578,ACC0340,CUST0340,BR009,2023-01-23,19216.04,Payment,Online,Failed,Interest credit
TXN001579,ACC0441,CUST0441,BR005,2022-12-26,8759.43,Deposit,Online,Completed,Service fee
TXN001580,ACC0259,CUST0259,BR002,2023-04-07,4607.24,Deposit,Branch,Completed,Loan payment
TXN001581,ACC0309,CUST0309,BR009,2023-08-13,13925.76,Deposit,ATM,Completed,Transfer to savings
TXN001582,ACC0266,CUST0266,BR009,2022-02-05,15468.47,Deposit,ATM,Completed,ATM withdrawal
TXN001583,ACC0351,CUST0351,BR004,2022-01-13,9536.52,Transfer,Branch,Completed,Loan payment
TXN001584,ACC0391,CUST0391,BR001,2022-06-01,504.64,Fee,Branch,Completed,Service fee
TXN001585,ACC0352,CUST0352,BR010,2024-03-03,11247.28,Payment,Branch,Completed,Wire transfer
TXN001586,ACC0246,CUST0246,BR003,2024-07-19,13416.0,Withdrawal,Mobile,Completed,Transfer to savings
TXN001587,ACC0132,CUST0132,BR003,2024-01-24,18502.74,Withdrawal,ATM,Completed,Direct deposit
TXN001588,ACC0437,CUST0437,BR004,2024-04-03,3134.36,Transfer,Mobile,Completed,Transfer to savings
TXN001589,ACC0236,CUST0236,BR008,2024-06-28,23809.83,Transfer,ATM,Completed,Direct deposit
TXN001590,ACC0106,CUST0106,BR004,2023-03-21,17817.62,Transfer,Phone,Completed,Transfer to savings
TXN001591,ACC0192,CUST0192,BR005,2023-03-14,9826.81,Transfer,Phone,Completed,Overdraft fee
TXN001592,ACC0212,CUST0212,BR001,2023-02-13,5437.28,Transfer,Mobile,Failed,Transfer to savings
TXN001593,ACC0093,CUST0093,BR008,2022-02-18,17352.3,Withdrawal,Mobile,Completed,Overdraft fee
TXN001594,ACC0394,CUST0394,BR003,2024-04-03,14380.98,Fee,Mobile,Completed,Bill payment
TXN001595,ACC0391,CUST0391,BR008,2023-10-10,15262.85,Payment,Phone,Pending,ATM withdrawal
TXN001596,ACC0403,CUST0403,BR002,2022-06-25,546.44,Interest,Online,Completed,Interest credit
TXN001597,ACC0104,CUST0104,BR003,2023-03-13,7695.97,Deposit,Phone,Completed,Wire transfer
TXN001598,ACC0244,CUST0244,BR006,2022-12-25,7250.63,Deposit,Phone,Pending,Bill payment
TXN001599,ACC0213,CUST0213,BR002,2024-12-26,22756.68,Withdrawal,Phone,Completed,Service fee
TXN001600,ACC0354,CUST0354,BR004,2022-08-21,16600.09,Deposit,Branch,Completed,Transfer to savings
TXN001601,ACC0243,CUST0243,BR007,2024-09-03,4269.74,Deposit,ATM,Completed,Bill payment
TXN001602,ACC0230,CUST0230,BR001,2024-10-04,23665.64,Transfer,ATM,Pending,ATM withdrawal
TXN001603,ACC0091,CUST0091,BR003,2023-09-07,16937.56,Interest,Online,Completed,Loan payment
TXN001604,ACC0493,CUST0493,BR006,2023-08-22,17788.09,Interest,Online,Failed,Wire transfer
TXN001605,ACC0009,CUST0009,BR010,2024-05-05,24792.63,Withdrawal,ATM,Completed,Direct deposit
TXN001606,ACC0463,CUST0463,BR001,2024-09-29,7971.0,Deposit,Mobile,Completed,Transfer to savings
TXN001607,ACC0173,CUST0173,BR001,2023-07-13,18752.44,Payment,Branch,Completed,Monthly deposit
TXN001608,ACC0067,CUST0067,BR010,2022-01-22,18368.69,Deposit,Branch,Completed,Transfer to savings
TXN001609,ACC0019,CUST0019,BR005,2024-02-08,8397.52,Fee,Branch,Completed,Interest credit
TXN001610,ACC0369,CUST0369,BR005,2023-01-31,12225.87,Withdrawal,Branch,Completed,Interest credit
TXN001611,ACC0442,CUST0442,BR009,2022-08-21,584.96,Deposit,Online,Completed,ATM withdrawal
TXN001612,ACC0079,CUST0079,BR010,2023-05-01,19474.13,Fee,Online,Completed,Interest credit
TXN001613,ACC0446,CUST0446,BR010,2022-05-25,3914.53,Transfer,Branch,Completed,ATM withdrawal
TXN001614,ACC0314,CUST0314,BR002,2022-04-26,17606.65,Deposit,Online,Completed,ATM withdrawal
TXN001615,ACC0002,CUST0002,BR007,2023-04-23,5263.37,Payment,Branch,Completed,Wire transfer
TXN001616,ACC0419,CUST0419,BR004,2024-10-11,15140.39,Deposit,ATM,Completed,Monthly deposit
TXN001617,ACC0227,CUST0227,BR003,2024-11-05,167.77,Deposit,Mobile,Pending,Overdraft fee
TXN001618,ACC0499,CUST0499,BR004,2022-09-11,17574.67,Deposit,Mobile,Completed,Loan payment
TXN001619,ACC0084,CUST0084,BR007,2023-08-31,15042.83,Transfer,ATM,Completed,Interest credit
TXN001620,ACC0377,CUST0377,BR004,2024-12-22,184.51,Interest,ATM,Completed,Monthly deposit
TXN001621,ACC0033,CUST0033,BR008,2023-12-06,22568.31,Deposit,Branch,Completed,Wire transfer
TXN001622,ACC0007,CUST0007,BR002,2023-10-15,14707.58,Interest,ATM,Completed,ATM withdrawal
TXN001623,ACC0292,CUST0292,BR005,2023-10-16,11275.17,Payment,Branch,Completed,Wire transfer
TXN001624,ACC0161,CUST0161,BR009,2023-01-25,5710.51,Deposit,ATM,Pending,Interest credit
TXN001625,ACC0473,CUST0473,BR007,2024-08-07,21718.37,Transfer,Mobile,Completed,Transfer to savings
TXN001626,ACC0487,CUST0487,BR001,2022-10-13,19708.75,Withdrawal,Mobile,Completed,Bill payment
TXN001627,ACC0078,CUST0078,BR010,2023-01-12,5432.67,Deposit,Branch,Completed,Monthly deposit
TXN001628,ACC0255,CUST0255,BR007,2022-11-21,7595.02,Refund,Phone,Completed,Overdraft fee
TXN001629,ACC0371,CUST0371,BR008,2024-06-05,10883.34,Fee,Branch,Completed,ATM withdrawal
TXN001630,ACC0035,CUST0035,BR006,2024-09-03,15199.36,Deposit,Phone,Completed,Transfer to savings
TXN001631,ACC0252,CUST0252,BR001,2023-09-23,15791.4,Withdrawal,ATM,Completed,ATM withdrawal
TXN001632,ACC0307,CUST0307,BR003,2024-12-20,7054.61,Payment,Mobile,Failed,ATM withdrawal
TXN001633,ACC0010,CUST0010,BR008,2024-01-28,10430.84,Deposit,ATM,Pending,Interest credit
TXN001634,ACC0325,CUST0325,BR008,2023-07-29,13879.34,Transfer,ATM,Pending,Interest credit
TXN001635,ACC0401,CUST0401,BR010,2023-04-14,17705.54,Transfer,Mobile,Completed,Monthly deposit
TXN001636,ACC0161,CUST0161,BR009,2022-07-15,9609.74,Deposit,ATM,Completed,Overdraft fee
TXN001637,ACC0462,CUST0462,BR005,2022-05-18,11242.63,Payment,ATM,Completed,Monthly deposit
TXN001638,ACC0243,CUST0243,BR004,2023-04-03,15830.41,Withdrawal,Phone,Completed,Service fee
TXN001639,ACC0490,CUST0490,BR006,2024-09-19,24632.26,Transfer,Phone,Completed,Loan payment
TXN001640,ACC0491,CUST0491,BR010,2022-09-04,7397.53,Deposit,Mobile,Completed,Loan payment
TXN001641,ACC0405,CUST0405,BR007,2024-05-16,17519.15,Fee,ATM,Completed,Monthly deposit
TXN001642,ACC0015,CUST0015,BR007,2022-06-11,9222.1,Payment,Mobile,Completed,Bill payment
TXN001643,ACC0305,CUST0305,BR008,2023-10-06,2702.54,Withdrawal,ATM,Completed,Service fee
TXN001644,ACC0084,CUST0084,BR010,2022-09-21,8076.86,Deposit,Online,Completed,Interest credit
TXN001645,ACC0073,CUST0073,BR006,2024-02-08,13757.68,Transfer,ATM,Completed,Monthly deposit
TXN001646,ACC0330,CUST0330,BR005,2023-10-26,14144.77,Transfer,Phone,Completed,Bill payment
TXN001647,ACC0255,CUST0255,BR002,2022-05-20,3506.39,Deposit,Mobile,Completed,Interest credit
TXN001648,ACC0498,CUST0498,BR006,2023-11-24,2038.16,Withdrawal,Online,Completed,Direct deposit
TXN001649,ACC0214,CUST0214,BR007,2022-11-14,13706.96,Deposit,Mobile,Completed,Service fee
TXN001650,ACC0117,CUST0117,BR004,2022-04-26,16122.52,Transfer,Online,Completed,Wire transfer
TXN001651,ACC0022,CUST0022,BR001,2023-03-25,18965.61,Interest,Mobile,Completed,Transfer to savings
TXN001652,ACC0010,CUST0010,BR009,2023-08-17,12310.76,Payment,Branch,Completed,Overdraft fee
TXN001653,ACC0019,CUST0019,BR004,2023-04-16,14572.65,Deposit,Online,Completed,Bill payment
TXN001654,ACC0204,CUST0204,BR004,2022-11-08,13410.39,Interest,Phone,Completed,Direct deposit
TXN001655,ACC0199,CUST0199,BR003,2023-02-17,18856.75,Withdrawal,Mobile,Completed,ATM withdrawal
TXN001656,ACC0334,CUST0334,BR005,2024-07-13,730.15,Transfer,Phone,Completed,ATM withdrawal
TXN001657,ACC0022,CUST0022,BR007,2022-08-07,18572.91,Fee,Mobile,Completed,Service fee
TXN001658,ACC0427,CUST0427,BR004,2023-09-14,9029.85,Deposit,Mobile,Pending,Service fee
TXN001659,ACC0112,CUST0112,BR009,2022-02-18,7754.44,Deposit,Mobile,Completed,Transfer to savings
TXN001660,ACC0369,CUST0369,BR006,2024-07-26,24605.89,Transfer,Mobile,Completed,Overdraft fee
TXN001661,ACC0147,CUST0147,BR004,2022-06-09,15413.09,Interest,Online,Pending,Service fee
TXN001662,ACC0477,CUST0477,BR001,2023-09-14,11132.06,Payment,Mobile,Completed,Loan payment
TXN001663,ACC0498,CUST0498,BR007,2024-02-03,1911.73,Withdrawal,Online,Completed,ATM withdrawal
TXN001664,ACC0155,CUST0155,BR003,2023-06-23,11428.62,Interest,Mobile,Completed,Monthly deposit
TXN001665,ACC0451,CUST0451,BR008,2022-12-24,368.46,Deposit,Mobile,Pending,Direct deposit
TXN001666,ACC0140,CUST0140,BR005,2022-02-16,17574.89,Transfer,Mobile,Completed,Transfer to savings
TXN001667,ACC0016,CUST0016,BR001,2024-10-15,10817.86,Transfer,Mobile,Completed,Monthly deposit
TXN001668,ACC0337,CUST0337,BR002,2023-07-30,17750.44,Payment,Mobile,Completed,Service fee
TXN001669,ACC0494,CUST0494,BR004,2023-04-26,17244.98,Fee,Online,Pending,Transfer to savings
TXN001670,ACC0287,CUST0287,BR008,2023-04-20,17892.08,Payment,ATM,Completed,Wire transfer
TXN001671,ACC0421,CUST0421,BR008,2022-12-02,9337.95,Interest,Phone,Completed,Interest credit
TXN001672,ACC0209,CUST0209,BR003,2024-04-02,9309.03,Refund,ATM,Completed,Wire transfer
TXN001673,ACC0346,CUST0346,BR009,2024-04-15,9014.62,Withdrawal,Phone,Completed,Interest credit
TXN001674,ACC0331,CUST0331,BR008,2024-07-12,18845.05,Fee,Mobile,Completed,Bill payment
TXN001675,ACC0307,CUST0307,BR006,2022-11-23,21278.94,Transfer,Mobile,Completed,Transfer to savings
TXN001676,ACC0451,CUST0451,BR002,2024-10-23,13604.48,Transfer,Phone,Failed,Bill payment
TXN001677,ACC0379,CUST0379,BR004,2023-11-17,12234.61,Withdrawal,ATM,Completed,Transfer to savings
TXN001678,ACC0113,CUST0113,BR010,2023-12-21,18748.16,Payment,Online,Completed,Bill payment
TXN001679,ACC0428,CUST0428,BR004,2022-01-02,22330.66,Refund,Online,Pending,Service fee
TXN001680,ACC0124,CUST0124,BR007,2023-09-13,20632.55,Transfer,Online,Completed,Monthly deposit
TXN001681,ACC0016,CUST0016,BR005,2022-09-05,5185.11,Fee,Online,Completed,ATM withdrawal
TXN001682,ACC0217,CUST0217,BR006,2024-04-05,274.11,Transfer,ATM,Completed,Transfer to savings
TXN001683,ACC0318,CUST0318,BR010,2024-09-06,15884.14,Transfer,Branch,Completed,Interest credit
TXN001684,ACC0016,CUST0016,BR005,2024-08-27,21530.76,Withdrawal,Phone,Completed,Overdraft fee
TXN001685,ACC0318,CUST0318,BR006,2024-10-01,24866.01,Withdrawal,Branch,Completed,Service fee
TXN001686,ACC0279,CUST0279,BR002,2022-06-19,6142.28,Fee,Online,Completed,Loan payment
TXN001687,ACC0310,CUST0310,BR008,2022-03-12,8078.58,Transfer,Branch,Completed,Monthly deposit
TXN001688,ACC0351,CUST0351,BR003,2022-02-27,23389.1,Withdrawal,Phone,Completed,Overdraft fee
TXN001689,ACC0199,CUST0199,BR009,2022-04-10,6337.58,Deposit,Phone,Pending,Service fee
TXN001690,ACC0438,CUST0438,BR003,2022-03-23,7264.26,Withdrawal,Online,Failed,ATM withdrawal
TXN001691,ACC0102,CUST0102,BR008,2024-09-22,6233.58,Withdrawal,Mobile,Completed,Bill payment
TXN001692,ACC0115,CUST0115,BR006,2024-10-07,5726.03,Withdrawal,Online,Completed,Overdraft fee
TXN001693,ACC0289,CUST0289,BR001,2024-06-16,12408.68,Payment,Branch,Completed,Interest credit
TXN001694,ACC0326,CUST0326,BR009,2022-08-06,10471.43,Deposit,Branch,Completed,ATM withdrawal
TXN001695,ACC0045,CUST0045,BR005,2024-01-03,11870.89,Transfer,Mobile,Pending,ATM withdrawal
TXN001696,ACC0013,CUST0013,BR003,2022-06-26,14264.81,Payment,Branch,Completed,Direct deposit
TXN001697,ACC0135,CUST0135,BR008,2022-05-17,24271.93,Payment,Phone,Completed,Loan payment
TXN001698,ACC0104,CUST0104,BR003,2023-09-08,3339.04,Payment,Online,Completed,Monthly deposit
TXN001699,ACC0058,CUST0058,BR009,2023-06-29,14643.47,Deposit,Mobile,Completed,Wire transfer
TXN001700,ACC0411,CUST0411,BR004,2023-01-22,16604.27,Transfer,Mobile,Completed,Direct deposit
TXN001701,ACC0440,CUST0440,BR002,2022-10-27,16680.39,Fee,Mobile,Completed,Direct deposit
TXN001702,ACC0038,CUST0038,BR010,2022-12-04,6184.22,Payment,ATM,Pending,Transfer to savings
TXN001703,ACC0031,CUST0031,BR007,2022-03-29,21768.01,Payment,Online,Completed,Interest credit
TXN001704,ACC0201,CUST0201,BR008,2023-04-06,18717.73,Deposit,Phone,Completed,Transfer to savings
TXN001705,ACC0331,CUST0331,BR003,2023-05-10,14978.48,Withdrawal,Online,Completed,ATM withdrawal
TXN001706,ACC0288,CUST0288,BR002,2022-10-26,19325.22,Deposit,ATM,Completed,Interest credit
TXN001707,ACC0156,CUST0156,BR009,2023-11-01,22983.98,Fee,Branch,Completed,Overdraft fee
TXN001708,ACC0356,CUST0356,BR009,2022-10-09,11738.51,Deposit,Branch,Completed,Overdraft fee
TXN001709,ACC0324,CUST0324,BR002,2023-05-31,15731.74,Interest,ATM,Completed,Interest credit
TXN001710,ACC0465,CUST0465,BR004,2023-01-27,8719.35,Withdrawal,ATM,Completed,Service fee
TXN001711,ACC0307,CUST0307,BR007,2023-01-21,19210.17,Interest,Mobile,Completed,Loan payment
TXN001712,ACC0352,CUST0352,BR006,2023-10-20,5119.57,Transfer,Phone,Completed,Service fee
TXN001713,ACC0327,CUST0327,BR004,2023-02-26,14957.3,Transfer,ATM,Completed,Wire transfer
TXN001714,ACC0192,CUST0192,BR004,2024-03-13,12113.74,Withdrawal,Phone,Completed,Service fee
TXN001715,ACC0311,CUST0311,BR002,2023-06-02,3119.49,Withdrawal,Phone,Completed,Loan payment
TXN001716,ACC0416,CUST0416,BR005,2024-10-10,11374.47,Refund,Phone,Completed,Transfer to savings
TXN001717,ACC0102,CUST0102,BR005,2022-04-15,24539.63,Transfer,Branch,Completed,Transfer to savings
TXN001718,ACC0161,CUST0161,BR002,2022-10-14,4535.81,Withdrawal,Online,Completed,ATM withdrawal
TXN001719,ACC0281,CUST0281,BR009,2023-07-04,3194.28,Deposit,Branch,Pending,Overdraft fee
TXN001720,ACC0031,CUST0031,BR001,2022-08-17,8446.77,Transfer,ATM,Completed,Loan payment
TXN001721,ACC0317,CUST0317,BR010,2023-07-01,23197.01,Withdrawal,Mobile,Completed,Interest credit
TXN001722,ACC0391,CUST0391,BR004,2022-12-18,20144.7,Fee,Mobile,Completed,Bill payment
TXN001723,ACC0047,CUST0047,BR010,2023-07-07,20240.66,Deposit,Mobile,Completed,Wire transfer
TXN001724,ACC0313,CUST0313,BR003,2022-12-22,22941.46,Withdrawal,Online,Completed,Overdraft fee
TXN001725,ACC0441,CUST0441,BR010,2024-03-02,11159.67,Deposit,Online,Completed,Bill payment
TXN001726,ACC0379,CUST0379,BR007,2024-02-18,585.43,Payment,Mobile,Completed,Direct deposit
TXN001727,ACC0176,CUST0176,BR006,2022-02-12,12480.81,Transfer,Branch,Completed,ATM withdrawal
TXN001728,ACC0308,CUST0308,BR007,2022-12-11,19703.87,Deposit,ATM,Completed,Service fee
TXN001729,ACC0461,CUST0461,BR004,2024-02-17,15014.89,Transfer,Online,Completed,ATM withdrawal
TXN001730,ACC0232,CUST0232,BR001,2024-03-07,14295.7,Withdrawal,Online,Completed,Transfer to savings
TXN001731,ACC0046,CUST0046,BR007,2023-06-07,8712.27,Withdrawal,ATM,Completed,Overdraft fee
TXN001732,ACC0331,CUST0331,BR009,2024-12-23,20255.45,Fee,Branch,Completed,ATM withdrawal
TXN001733,ACC0363,CUST0363,BR003,2022-07-09,15390.09,Transfer,ATM,Failed,Wire transfer
TXN001734,ACC0077,CUST0077,BR005,2022-10-18,21463.92,Withdrawal,Mobile,Completed,Direct deposit
TXN001735,ACC0035,CUST0035,BR004,2022-07-08,15527.41,Transfer,Mobile,Completed,Transfer to savings
TXN001736,ACC0459,CUST0459,BR003,2023-04-29,439.37,Refund,Phone,Completed,ATM withdrawal
TXN001737,ACC0138,CUST0138,BR003,2024-12-29,3112.19,Transfer,ATM,Completed,Bill payment
TXN001738,ACC0126,CUST0126,BR001,2023-10-29,21386.63,Payment,Phone,Completed,Monthly deposit
TXN001739,ACC0202,CUST0202,BR003,2022-12-09,1218.13,Deposit,Mobile,Completed,Interest credit
TXN001740,ACC0294,CUST0294,BR005,2024-08-05,6152.27,Deposit,Online,Completed,Overdraft fee
TXN001741,ACC0387,CUST0387,BR001,2022-05-18,24571.58,Deposit,ATM,Completed,Transfer to savings
TXN001742,ACC0282,CUST0282,BR009,2024-04-07,22220.93,Transfer,Phone,Completed,Transfer to savings
TXN001743,ACC0385,CUST0385,BR005,2024-12-08,23422.38,Deposit,Branch,Completed,ATM withdrawal
TXN001744,ACC0308,CUST0308,BR006,2023-09-04,2897.25,Interest,Branch,Completed,Interest credit
TXN001745,ACC0250,CUST0250,BR004,2022-02-02,5397.11,Payment,Mobile,Completed,Bill payment
TXN001746,ACC0333,CUST0333,BR005,2024-03-22,6119.85,Deposit,Mobile,Completed,Transfer to savings
TXN001747,ACC0239,CUST0239,BR008,2024-01-31,22060.76,Transfer,Branch,Completed,Bill payment
TXN001748,ACC0460,CUST0460,BR002,2023-08-29,9357.15,Withdrawal,Branch,Pending,ATM withdrawal
TXN001749,ACC0307,CUST0307,BR005,2023-12-28,20529.14,Transfer,Online,Pending,Wire transfer
TXN001750,ACC0035,CUST0035,BR006,2023-11-10,4845.05,Interest,Mobile,Completed,Direct deposit
TXN001751,ACC0139,CUST0139,BR001,2022-02-20,12742.57,Transfer,ATM,Completed,Overdraft fee
TXN001752,ACC0236,CUST0236,BR006,2023-10-31,7130.33,Deposit,Phone,Pending,Wire transfer
TXN001753,ACC0222,CUST0222,BR009,2022-03-16,16661.34,Transfer,Phone,Failed,Bill payment
TXN001754,ACC0478,CUST0478,BR007,2023-11-08,16518.8,Withdrawal,ATM,Completed,Loan payment
TXN001755,ACC0048,CUST0048,BR010,2024-02-26,6901.24,Deposit,Online,Failed,Loan payment
TXN001756,ACC0215,CUST0215,BR010,2023-02-01,10445.55,Fee,Mobile,Completed,Loan payment
TXN001757,ACC0001,CUST0001,BR002,2022-12-01,21472.43,Withdrawal,Branch,Completed,Bill payment
TXN001758,ACC0474,CUST0474,BR008,2022-08-22,2008.44,Transfer,ATM,Failed,Wire transfer
TXN001759,ACC0490,CUST0490,BR005,2023-11-09,15791.8,Withdrawal,Mobile,Pending,Overdraft fee
TXN001760,ACC0267,CUST0267,BR005,2023-05-18,5662.71,Deposit,Branch,Failed,Service fee
TXN001761,ACC0256,CUST0256,BR007,2022-04-16,23802.99,Withdrawal,ATM,Completed,Loan payment
TXN001762,ACC0433,CUST0433,BR004,2023-05-25,11614.05,Deposit,Online,Completed,Transfer to savings
TXN001763,ACC0381,CUST0381,BR007,2024-05-08,14168.66,Withdrawal,Mobile,Completed,ATM withdrawal
TXN001764,ACC0397,CUST0397,BR006,2022-04-27,10896.23,Fee,Mobile,Failed,Interest credit
TXN001765,ACC0481,CUST0481,BR006,2022-08-31,7707.11,Transfer,Branch,Completed,Loan payment
TXN001766,ACC0208,CUST0208,BR007,2023-04-27,7168.83,Transfer,Mobile,Completed,Overdraft fee
TXN001767,ACC0193,CUST0193,BR002,2022-07-26,2061.55,Payment,Online,Completed,ATM withdrawal
TXN001768,ACC0479,CUST0479,BR003,2022-04-16,62.16,Deposit,Mobile,Pending,Interest credit
TXN001769,ACC0342,CUST0342,BR010,2022-06-29,1020.34,Interest,ATM,Failed,ATM withdrawal
TXN001770,ACC0021,CUST0021,BR010,2022-01-01,20537.53,Deposit,Mobile,Pending,Wire transfer
TXN001771,ACC0056,CUST0056,BR005,2023-08-20,15389.72,Transfer,Phone,Completed,Overdraft fee
TXN001772,ACC0437,CUST0437,BR005,2022-11-19,16090.17,Payment,Online,Completed,Service fee
TXN001773,ACC0017,CUST0017,BR007,2023-11-25,16628.56,Payment,Branch,Completed,Service fee
TXN001774,ACC0335,CUST0335,BR007,2024-05-06,20176.08,Deposit,ATM,Completed,Wire transfer
TXN001775,ACC0077,CUST0077,BR003,2022-03-17,1995.53,Transfer,Online,Failed,Bill payment
TXN001776,ACC0077,CUST0077,BR002,2023-08-02,19261.46,Payment,Phone,Completed,Transfer to savings
TXN001777,ACC0063,CUST0063,BR009,2023-09-12,23436.53,Deposit,Branch,Completed,Transfer to savings
TXN001778,ACC0099,CUST0099,BR006,2022-05-16,1232.32,Fee,ATM,Completed,Wire transfer
TXN001779,ACC0338,CUST0338,BR007,2023-10-25,11245.81,Fee,Branch,Failed,Overdraft fee
TXN001780,ACC0445,CUST0445,BR003,2022-01-16,21730.66,Deposit,ATM,Completed,Interest credit
TXN001781,ACC0076,CUST0076,BR001,2022-10-15,6008.18,Transfer,ATM,Completed,Transfer to savings
TXN001782,ACC0020,CUST0020,BR001,2024-01-09,17787.02,Fee,ATM,Completed,Direct deposit
TXN001783,ACC0104,CUST0104,BR004,2022-10-30,8319.62,Payment,Phone,Completed,Direct deposit
TXN001784,ACC0303,CUST0303,BR010,2023-02-07,10879.09,Interest,Online,Completed,Direct deposit
TXN001785,ACC0149,CUST0149,BR009,2024-07-23,1122.4,Withdrawal,Branch,Failed,ATM withdrawal
TXN001786,ACC0243,CUST0243,BR007,2024-08-07,22853.49,Transfer,Mobile,Pending,Loan payment
TXN001787,ACC0231,CUST0231,BR005,2023-09-07,22288.91,Fee,Mobile,Completed,Transfer to savings
TXN001788,ACC0136,CUST0136,BR001,2024-12-22,5738.23,Deposit,Branch,Completed,Monthly deposit
TXN001789,ACC0491,CUST0491,BR002,2023-07-15,13386.09,Interest,Branch,Pending,Service fee
TXN001790,ACC0394,CUST0394,BR010,2022-04-15,12420.92,Transfer,Phone,Completed,ATM withdrawal
TXN001791,ACC0438,CUST0438,BR004,2024-03-07,14023.26,Withdrawal,Phone,Completed,Transfer to savings
TXN001792,ACC0041,CUST0041,BR006,2023-05-18,23665.0,Deposit,Mobile,Completed,Bill payment
TXN001793,ACC0337,CUST0337,BR005,2023-06-11,10395.24,Interest,Mobile,Completed,Service fee
TXN001794,ACC0159,CUST0159,BR009,2022-05-21,1914.88,Deposit,Online,Completed,Loan payment
TXN001795,ACC0034,CUST0034,BR005,2023-01-02,2843.14,Transfer,Online,Pending,Direct deposit
TXN001796,ACC0239,CUST0239,BR009,2022-09-08,12036.23,Transfer,Online,Completed,Bill payment
TXN001797,ACC0199,CUST0199,BR004,2023-05-28,18135.63,Interest,Phone,Completed,ATM withdrawal
TXN001798,ACC0033,CUST0033,BR003,2022-10-26,8559.11,Transfer,Phone,Failed,Interest credit
TXN001799,ACC0016,CUST0016,BR006,2024-03-08,19818.71,Withdrawal,Phone,Completed,Bill payment
TXN001800,ACC0098,CUST0098,BR010,2024-09-17,19338.85,Payment,Online,Completed,Wire transfer
TXN001801,ACC0286,CUST0286,BR008,2024-03-04,8062.13,Withdrawal,Online,Completed,Overdraft fee
TXN001802,ACC0182,CUST0182,BR001,2024-02-02,16221.43,Withdrawal,Online,Pending,ATM withdrawal
TXN001803,ACC0069,CUST0069,BR002,2024-12-02,14039.69,Deposit,Mobile,Completed,Direct deposit
TXN001804,ACC0372,CUST0372,BR006,2022-09-03,15627.41,Deposit,ATM,Completed,Transfer to savings
TXN001805,ACC0151,CUST0151,BR001,2022-08-07,1382.28,Withdrawal,Mobile,Completed,Bill payment
TXN001806,ACC0144,CUST0144,BR006,2024-04-23,24532.94,Refund,ATM,Completed,Service fee
TXN001807,ACC0209,CUST0209,BR001,2022-02-23,24531.53,Withdrawal,Online,Failed,Overdraft fee
TXN001808,ACC0307,CUST0307,BR002,2024-01-13,2843.22,Refund,ATM,Completed,Overdraft fee
TXN001809,ACC0109,CUST0109,BR010,2022-06-11,5795.67,Withdrawal,Phone,Pending,ATM withdrawal
TXN001810,ACC0416,CUST0416,BR009,2023-09-01,22658.92,Payment,Online,Completed,Monthly deposit
TXN001811,ACC0160,CUST0160,BR007,2022-07-10,16450.86,Withdrawal,Online,Completed,Overdraft fee
TXN001812,ACC0003,CUST0003,BR002,2024-09-03,1072.7,Fee,Branch,Completed,Overdraft fee
TXN001813,ACC0482,CUST0482,BR009,2023-05-23,2059.4,Deposit,Phone,Completed,Monthly deposit
TXN001814,ACC0241,CUST0241,BR004,2022-09-17,4242.55,Refund,Phone,Completed,Direct deposit
TXN001815,ACC0449,CUST0449,BR005,2023-01-20,12321.39,Deposit,Branch,Completed,Loan payment
TXN001816,ACC0423,CUST0423,BR009,2023-08-23,8613.25,Withdrawal,Phone,Completed,Service fee
TXN001817,ACC0128,CUST0128,BR010,2022-09-13,17675.54,Withdrawal,Phone,Failed,Transfer to savings
TXN001818,ACC0303,CUST0303,BR004,2023-06-03,17285.59,Transfer,Phone,Completed,Bill payment
TXN001819,ACC0365,CUST0365,BR001,2023-04-18,24953.64,Payment,Online,Completed,Loan payment
TXN001820,ACC0142,CUST0142,BR002,2022-01-06,16299.81,Payment,Online,Completed,Wire transfer
TXN001821,ACC0074,CUST0074,BR003,2022-09-10,21721.34,Withdrawal,Branch,Completed,Service fee
TXN001822,ACC0228,CUST0228,BR004,2022-10-26,5177.47,Withdrawal,Mobile,Failed,Transfer to savings
TXN001823,ACC0026,CUST0026,BR005,2022-01-07,10838.0,Deposit,Online,Completed,Loan payment
TXN001824,ACC0212,CUST0212,BR002,2023-08-12,3526.04,Withdrawal,Branch,Completed,Direct deposit
TXN001825,ACC0034,CUST0034,BR010,2024-07-19,8702.6,Transfer,Branch,Pending,Wire transfer
TXN001826,ACC0494,CUST0494,BR007,2023-07-07,4019.85,Deposit,Mobile,Completed,Wire transfer
TXN001827,ACC0197,CUST0197,BR004,2024-11-09,16050.79,Deposit,ATM,Completed,ATM withdrawal
TXN001828,ACC0140,CUST0140,BR009,2023-09-28,18662.61,Deposit,Phone,Completed,Service fee
TXN001829,ACC0130,CUST0130,BR004,2024-12-21,23046.47,Transfer,Phone,Failed,Interest credit
TXN001830,ACC0394,CUST0394,BR009,2024-05-09,14203.1,Deposit,Mobile,Completed,Transfer to savings
TXN001831,ACC0129,CUST0129,BR005,2023-02-13,15724.89,Payment,Phone,Completed,Transfer to savings
TXN001832,ACC0242,CUST0242,BR010,2023-02-06,22257.52,Withdrawal,ATM,Completed,Direct deposit
TXN001833,ACC0171,CUST0171,BR008,2023-04-12,10776.27,Transfer,Online,Pending,Loan payment
TXN001834,ACC0211,CUST0211,BR001,2023-02-24,11682.4,Transfer,Online,Failed,Direct deposit
TXN001835,ACC0226,CUST0226,BR003,2023-03-29,18453.23,Deposit,Online,Completed,Overdraft fee
TXN001836,ACC0210,CUST0210,BR002,2023-07-29,16079.05,Interest,Mobile,Failed,Overdraft fee
TXN001837,ACC0061,CUST0061,BR002,2023-05-28,19779.58,Transfer,Mobile,Completed,Direct deposit
TXN001838,ACC0086,CUST0086,BR001,2024-09-29,20428.46,Deposit,Branch,Completed,Direct deposit
TXN001839,ACC0299,CUST0299,BR004,2023-07-23,12.32,Payment,ATM,Completed,Bill payment
TXN001840,ACC0014,CUST0014,BR002,2022-02-13,16685.79,Deposit,Mobile,Completed,Bill payment
TXN001841,ACC0101,CUST0101,BR004,2023-02-09,3324.38,Transfer,Branch,Completed,ATM withdrawal
TXN001842,ACC0372,CUST0372,BR004,2024-01-21,15681.99,Interest,ATM,Completed,ATM withdrawal
TXN001843,ACC0427,CUST0427,BR003,2024-08-28,9458.37,Deposit,Online,Completed,Transfer to savings
TXN001844,ACC0056,CUST0056,BR002,2022-11-19,5302.51,Deposit,Online,Completed,Bill payment
TXN001845,ACC0137,CUST0137,BR009,2024-12-23,23749.67,Interest,Phone,Pending,Bill payment
TXN001846,ACC0425,CUST0425,BR010,2024-12-27,16516.31,Deposit,Branch,Completed,Wire transfer
TXN001847,ACC0143,CUST0143,BR006,2023-06-17,15160.97,Interest,Online,Completed,Direct deposit
TXN001848,ACC0239,CUST0239,BR002,2022-08-25,19917.08,Deposit,Online,Completed,ATM withdrawal
TXN001849,ACC0287,CUST0287,BR008,2024-03-19,22734.23,Transfer,Mobile,Completed,Loan payment
TXN001850,ACC0410,CUST0410,BR003,2023-05-08,22700.95,Transfer,Phone,Completed,Direct deposit
TXN001851,ACC0283,CUST0283,BR002,2023-11-26,13131.65,Deposit,ATM,Completed,Bill payment
TXN001852,ACC0023,CUST0023,BR007,2024-10-01,21257.62,Deposit,Mobile,Completed,Bill payment
TXN001853,ACC0320,CUST0320,BR008,2022-05-27,10558.84,Transfer,Online,Completed,Bill payment
TXN001854,ACC0349,CUST0349,BR005,2023-11-23,758.7,Payment,Online,Completed,Monthly deposit
TXN001855,ACC0043,CUST0043,BR006,2022-12-04,18941.39,Fee,Phone,Completed,Wire transfer
TXN001856,ACC0488,CUST0488,BR002,2024-06-18,19593.41,Transfer,ATM,Completed,Overdraft fee
TXN001857,ACC0014,CUST0014,BR003,2023-12-25,7827.97,Payment,Phone,Completed,Service fee
TXN001858,ACC0082,CUST0082,BR002,2022-10-30,15012.7,Transfer,Branch,Completed,ATM withdrawal
TXN001859,ACC0078,CUST0078,BR003,2023-08-15,12540.37,Payment,ATM,Completed,Transfer to savings
TXN001860,ACC0240,CUST0240,BR001,2022-04-01,14984.3,Deposit,ATM,Completed,Interest credit
TXN001861,ACC0046,CUST0046,BR006,2024-11-22,6884.23,Deposit,Branch,Completed,Bill payment
TXN001862,ACC0409,CUST0409,BR005,2024-11-13,5703.84,Withdrawal,Online,Pending,Overdraft fee
TXN001863,ACC0193,CUST0193,BR001,2022-03-22,15629.17,Deposit,Mobile,Completed,Overdraft fee
TXN001864,ACC0286,CUST0286,BR008,2023-12-29,19665.22,Deposit,Phone,Failed,Direct deposit
TXN001865,ACC0095,CUST0095,BR003,2022-05-13,1527.19,Fee,Online,Completed,Direct deposit
TXN001866,ACC0064,CUST0064,BR009,2024-12-19,18465.27,Withdrawal,ATM,Completed,Direct deposit
TXN001867,ACC0486,CUST0486,BR008,2024-10-17,22012.55,Deposit,Mobile,Completed,Direct deposit
TXN001868,ACC0332,CUST0332,BR002,2024-03-29,6702.31,Deposit,Online,Completed,Service fee
TXN001869,ACC0372,CUST0372,BR003,2024-12-04,14289.8,Payment,ATM,Completed,Loan payment
TXN001870,ACC0451,CUST0451,BR007,2022-09-25,9212.73,Payment,Phone,Completed,Service fee
TXN001871,ACC0043,CUST0043,BR008,2022-03-25,20552.7,Withdrawal,Branch,Failed,Interest credit
TXN001872,ACC0388,CUST0388,BR005,2022-03-28,4672.86,Payment,ATM,Completed,Service fee
TXN001873,ACC0099,CUST0099,BR001,2022-06-23,11751.1,Withdrawal,ATM,Completed,Direct deposit
TXN001874,ACC0259,CUST0259,BR001,2023-04-08,18272.19,Withdrawal,Phone,Completed,Service fee
TXN001875,ACC0170,CUST0170,BR003,2024-08-11,15256.28,Payment,ATM,Completed,Monthly deposit
TXN001876,ACC0437,CUST0437,BR005,2023-05-05,5123.95,Deposit,ATM,Completed,Overdraft fee
TXN001877,ACC0162,CUST0162,BR002,2024-03-19,18213.99,Fee,Online,Completed,Wire transfer
TXN001878,ACC0270,CUST0270,BR008,2022-09-11,13614.0,Transfer,Mobile,Completed,Loan payment
TXN001879,ACC0253,CUST0253,BR004,2022-10-03,10130.81,Withdrawal,Mobile,Completed,Monthly deposit
TXN001880,ACC0371,CUST0371,BR002,2022-06-21,22954.08,Transfer,Phone,Failed,Transfer to savings
TXN001881,ACC0049,CUST0049,BR008,2024-10-22,21460.88,Payment,Phone,Completed,Bill payment
TXN001882,ACC0107,CUST0107,BR001,2022-03-02,14656.4,Withdrawal,Branch,Completed,Overdraft fee
TXN001883,ACC0269,CUST0269,BR001,2023-05-16,17213.03,Withdrawal,Branch,Completed,Overdraft fee
TXN001884,ACC0062,CUST0062,BR007,2022-01-07,22058.21,Payment,Branch,Completed,Bill payment
TXN001885,ACC0454,CUST0454,BR001,2022-06-06,7787.58,Deposit,Online,Completed,Overdraft fee
TXN001886,ACC0147,CUST0147,BR002,2023-08-22,5653.84,Withdrawal,Branch,Completed,Bill payment
TXN001887,ACC0388,CUST0388,BR007,2023-02-03,4273.31,Payment,Mobile,Completed,ATM withdrawal
TXN001888,ACC0123,CUST0123,BR008,2023-07-18,8386.43,Withdrawal,Online,Completed,Service fee
TXN001889,ACC0067,CUST0067,BR009,2024-04-14,23517.29,Deposit,ATM,Completed,Interest credit
TXN001890,ACC0122,CUST0122,BR008,2024-03-20,10722.45,Refund,Online,Completed,Bill payment
TXN001891,ACC0219,CUST0219,BR001,2022-03-28,23596.76,Fee,Online,Completed,Transfer to savings
TXN001892,ACC0204,CUST0204,BR010,2022-07-01,20456.13,Payment,Branch,Completed,Interest credit
TXN001893,ACC0482,CUST0482,BR004,2022-07-24,23820.14,Payment,ATM,Completed,Transfer to savings
TXN001894,ACC0261,CUST0261,BR009,2023-01-11,10911.65,Deposit,Branch,Completed,Bill payment
TXN001895,ACC0319,CUST0319,BR004,2024-12-10,20786.47,Withdrawal,Online,Completed,Direct deposit
TXN001896,ACC0003,CUST0003,BR009,2024-07-05,19508.28,Withdrawal,Mobile,Completed,Direct deposit
TXN001897,ACC0378,CUST0378,BR009,2022-10-07,10192.36,Deposit,ATM,Completed,ATM withdrawal
TXN001898,ACC0342,CUST0342,BR006,2024-07-13,17280.78,Deposit,Online,Failed,Overdraft fee
TXN001899,ACC0363,CUST0363,BR002,2023-08-16,7151.25,Deposit,Online,Completed,Service fee
TXN001900,ACC0299,CUST0299,BR003,2024-04-05,18907.91,Payment,Phone,Completed,Overdraft fee
TXN001901,ACC0294,CUST0294,BR007,2023-08-31,20758.75,Transfer,Phone,Completed,Wire transfer
TXN001902,ACC0046,CUST0046,BR009,2023-08-29,3638.07,Payment,Phone,Failed,Loan payment
TXN001903,ACC0076,CUST0076,BR006,2022-07-30,7367.24,Payment,ATM,Completed,Loan payment
TXN001904,ACC0489,CUST0489,BR003,2023-01-25,2717.79,Fee,Mobile,Completed,Transfer to savings
TXN001905,ACC0207,CUST0207,BR010,2022-04-23,10201.4,Payment,Phone,Completed,ATM withdrawal
TXN001906,ACC0235,CUST0235,BR007,2022-03-04,16051.98,Deposit,Mobile,Failed,Loan payment
TXN001907,ACC0267,CUST0267,BR010,2023-03-28,8151.19,Payment,ATM,Pending,Direct deposit
TXN001908,ACC0071,CUST0071,BR009,2022-02-05,20900.92,Refund,Online,Failed,ATM withdrawal
TXN001909,ACC0073,CUST0073,BR010,2024-06-08,8540.08,Transfer,Mobile,Completed,Direct deposit
TXN001910,ACC0347,CUST0347,BR003,2024-06-08,16526.36,Deposit,Phone,Completed,Transfer to savings
TXN001911,ACC0323,CUST0323,BR002,2023-03-20,383.18,Transfer,Branch,Pending,Bill payment
TXN001912,ACC0393,CUST0393,BR004,2024-12-18,7849.23,Withdrawal,Online,Completed,Service fee
TXN001913,ACC0205,CUST0205,BR009,2022-11-02,6022.61,Payment,ATM,Completed,Monthly deposit
TXN001914,ACC0438,CUST0438,BR001,2022-12-03,11965.65,Deposit,Online,Completed,Overdraft fee
TXN001915,ACC0201,CUST0201,BR007,2022-05-09,24961.1,Deposit,Branch,Completed,Loan payment
TXN001916,ACC0417,CUST0417,BR010,2023-11-17,20590.78,Fee,Online,Completed,Direct deposit
TXN001917,ACC0029,CUST0029,BR010,2023-07-26,2011.81,Transfer,Online,Completed,Wire transfer
TXN001918,ACC0209,CUST0209,BR003,2024-12-04,4905.53,Transfer,Branch,Completed,Monthly deposit
TXN001919,ACC0374,CUST0374,BR006,2023-03-28,15941.2,Withdrawal,Branch,Completed,Transfer to savings
TXN001920,ACC0084,CUST0084,BR001,2024-07-08,22137.03,Payment,Branch,Completed,Interest credit
TXN001921,ACC0010,CUST0010,BR009,2022-07-08,18649.12,Transfer,Branch,Failed,Bill payment
TXN001922,ACC0290,CUST0290,BR010,2022-05-17,19230.14,Withdrawal,Branch,Completed,Service fee
TXN001923,ACC0035,CUST0035,BR004,2023-02-11,5074.63,Deposit,Mobile,Completed,Bill payment
TXN001924,ACC0104,CUST0104,BR006,2024-04-01,2726.75,Transfer,Online,Completed,Bill payment
TXN001925,ACC0348,CUST0348,BR002,2022-06-10,15077.15,Deposit,Online,Completed,Direct deposit
TXN001926,ACC0343,CUST0343,BR006,2022-09-29,11698.52,Transfer,ATM,Completed,Wire transfer
TXN001927,ACC0039,CUST0039,BR009,2023-08-31,7684.39,Transfer,Mobile,Completed,Bill payment
TXN001928,ACC0443,CUST0443,BR007,2023-08-26,12761.61,Refund,Online,Completed,Monthly deposit
TXN001929,ACC0122,CUST0122,BR008,2023-02-24,17054.4,Fee,Branch,Completed,Bill payment
TXN001930,ACC0464,CUST0464,BR008,2024-10-20,16685.24,Deposit,Mobile,Pending,ATM withdrawal
TXN001931,ACC0450,CUST0450,BR008,2023-01-09,2567.43,Deposit,Phone,Completed,Overdraft fee
TXN001932,ACC0280,CUST0280,BR006,2024-10-03,19612.02,Payment,Branch,Completed,Loan payment
TXN001933,ACC0448,CUST0448,BR009,2023-05-13,21917.31,Fee,Mobile,Failed,Transfer to savings
TXN001934,ACC0015,CUST0015,BR006,2023-04-14,14314.91,Withdrawal,Online,Completed,Direct deposit
TXN001935,ACC0369,CUST0369,BR007,2024-04-04,17021.83,Refund,Branch,Completed,Wire transfer
TXN001936,ACC0121,CUST0121,BR007,2024-11-27,19499.35,Deposit,Online,Completed,Direct deposit
TXN001937,ACC0074,CUST0074,BR002,2022-12-17,4519.42,Transfer,ATM,Completed,Transfer to savings
TXN001938,ACC0348,CUST0348,BR006,2022-01-31,19434.39,Transfer,Branch,Completed,Transfer to savings
TXN001939,ACC0292,CUST0292,BR003,2022-05-30,13075.71,Payment,Mobile,Completed,Interest credit
TXN001940,ACC0291,CUST0291,BR007,2024-07-24,18876.53,Refund,Phone,Completed,Service fee
TXN001941,ACC0121,CUST0121,BR007,2023-08-15,19585.9,Fee,Mobile,Pending,Interest credit
TXN001942,ACC0409,CUST0409,BR001,2023-04-16,16561.22,Transfer,Phone,Completed,Service fee
TXN001943,ACC0332,CUST0332,BR003,2023-09-03,22063.45,Withdrawal,Phone,Completed,ATM withdrawal
TXN001944,ACC0146,CUST0146,BR006,2024-07-14,15655.39,Transfer,Online,Completed,Interest credit
TXN001945,ACC0473,CUST0473,BR003,2023-04-27,22380.95,Withdrawal,Branch,Completed,Bill payment
TXN001946,ACC0014,CUST0014,BR010,2024-07-14,6879.75,Payment,Phone,Completed,Wire transfer
TXN001947,ACC0254,CUST0254,BR010,2024-12-25,12316.85,Transfer,Phone,Completed,Wire transfer
TXN001948,ACC0368,CUST0368,BR003,2022-09-23,8009.71,Transfer,Branch,Completed,Direct deposit
TXN001949,ACC0163,CUST0163,BR009,2022-01-02,9970.86,Deposit,Mobile,Completed,Monthly deposit
TXN001950,ACC0340,CUST0340,BR006,2024-03-10,9529.67,Transfer,Branch,Completed,ATM withdrawal
TXN001951,ACC0086,CUST0086,BR005,2022-12-27,19461.69,Withdrawal,ATM,Completed,Direct deposit
TXN001952,ACC0202,CUST0202,BR008,2024-03-18,4910.72,Withdrawal,Phone,Completed,Bill payment
TXN001953,ACC0350,CUST0350,BR009,2023-07-06,19740.48,Fee,Mobile,Completed,Overdraft fee
TXN001954,ACC0479,CUST0479,BR002,2023-11-28,10128.48,Withdrawal,ATM,Completed,Wire transfer
TXN001955,ACC0092,CUST0092,BR006,2024-03-07,4200.31,Transfer,Branch,Completed,Loan payment
TXN001956,ACC0176,CUST0176,BR009,2024-01-28,2564.5,Fee,Phone,Completed,Interest credit
TXN001957,ACC0188,CUST0188,BR001,2024-09-29,12978.19,Refund,Phone,Completed,Wire transfer
TXN001958,ACC0396,CUST0396,BR005,2023-06-20,5612.93,Deposit,Phone,Completed,Direct deposit
TXN001959,ACC0423,CUST0423,BR010,2022-06-02,23158.7,Deposit,Branch,Completed,Loan payment
TXN001960,ACC0268,CUST0268,BR006,2023-04-29,6735.65,Deposit,ATM,Completed,Interest credit
TXN001961,ACC0151,CUST0151,BR008,2022-08-09,8175.93,Withdrawal,Online,Completed,Overdraft fee
TXN001962,ACC0454,CUST0454,BR004,2024-05-09,11901.63,Fee,Phone,Completed,Wire transfer
TXN001963,ACC0436,CUST0436,BR006,2022-04-04,411.26,Transfer,Mobile,Completed,ATM withdrawal
TXN001964,ACC0146,CUST0146,BR002,2022-03-14,19410.58,Deposit,Branch,Failed,ATM withdrawal
TXN001965,ACC0357,CUST0357,BR010,2024-12-08,11827.46,Deposit,Mobile,Completed,Interest credit
TXN001966,ACC0067,CUST0067,BR004,2024-11-19,13174.31,Fee,ATM,Pending,Interest credit
TXN001967,ACC0286,CUST0286,BR007,2024-05-02,1468.65,Withdrawal,Phone,Completed,Wire transfer
TXN001968,ACC0276,CUST0276,BR008,2023-07-27,7473.27,Deposit,Branch,Completed,Service fee
TXN001969,ACC0278,CUST0278,BR006,2024-05-14,24113.74,Payment,ATM,Pending,Service fee
TXN001970,ACC0092,CUST0092,BR009,2022-09-21,7620.5,Transfer,Online,Completed,Transfer to savings
TXN001971,ACC0171,CUST0171,BR001,2022-10-06,23315.04,Deposit,Online,Completed,Interest credit
TXN001972,ACC0328,CUST0328,BR004,2023-04-21,1827.98,Deposit,Online,Pending,ATM withdrawal
TXN001973,ACC0107,CUST0107,BR001,2023-10-26,8504.84,Deposit,Mobile,Completed,Bill payment
TXN001974,ACC0350,CUST0350,BR002,2023-08-05,7588.53,Fee,Phone,Completed,Overdraft fee
TXN001975,ACC0367,CUST0367,BR008,2022-10-23,12494.62,Fee,Mobile,Pending,Wire transfer
TXN001976,ACC0369,CUST0369,BR005,2024-04-26,3751.12,Deposit,ATM,Failed,Bill payment
TXN001977,ACC0471,CUST0471,BR006,2023-08-13,5236.68,Refund,Phone,Completed,Direct deposit
TXN001978,ACC0414,CUST0414,BR002,2022-10-01,4768.69,Deposit,Mobile,Pending,Monthly deposit
TXN001979,ACC0321,CUST0321,BR005,2022-07-09,1484.02,Payment,Online,Completed,Wire transfer
TXN001980,ACC0082,CUST0082,BR004,2024-08-06,8631.73,Transfer,Branch,Completed,Wire transfer
TXN001981,ACC0091,CUST0091,BR003,2023-12-18,12007.19,Withdrawal,ATM,Completed,Bill payment
TXN001982,ACC0195,CUST0195,BR003,2022-03-08,8142.6,Transfer,Phone,Pending,Wire transfer
TXN001983,ACC0196,CUST0196,BR009,2023-05-09,18241.61,Withdrawal,Phone,Completed,ATM withdrawal
TXN001984,ACC0331,CUST0331,BR008,2022-12-26,1592.42,Payment,Mobile,Completed,Loan payment
TXN001985,ACC0475,CUST0475,BR010,2023-01-17,23917.71,Interest,ATM,Completed,Overdraft fee
TXN001986,ACC0466,CUST0466,BR010,2023-03-15,18527.45,Interest,Online,Completed,Overdraft fee
TXN001987,ACC0039,CUST0039,BR005,2023-04-29,13832.88,Deposit,Mobile,Completed,Loan payment
TXN001988,ACC0405,CUST0405,BR010,2023-02-21,8011.89,Interest,ATM,Completed,Wire transfer
TXN001989,ACC0378,CUST0378,BR008,2023-03-25,4047.43,Withdrawal,Mobile,Completed,Service fee
TXN001990,ACC0444,CUST0444,BR005,2024-10-17,15284.21,Payment,Mobile,Completed,Overdraft fee
TXN001991,ACC0225,CUST0225,BR001,2023-01-18,14280.37,Withdrawal,Mobile,Completed,Overdraft fee
TXN001992,ACC0240,CUST0240,BR009,2024-10-16,17971.93,Deposit,ATM,Failed,Direct deposit
TXN001993,ACC0125,CUST0125,BR003,2022-11-02,711.68,Payment,Online,Completed,Monthly deposit
TXN001994,ACC0281,CUST0281,BR004,2022-12-21,951.05,Deposit,Phone,Completed,Wire transfer
TXN001995,ACC0266,CUST0266,BR009,2024-11-02,21591.94,Withdrawal,Mobile,Completed,Interest credit
TXN001996,ACC0342,CUST0342,BR009,2024-01-02,4624.56,Transfer,Branch,Completed,Monthly deposit
TXN001997,ACC0104,CUST0104,BR001,2023-07-24,24449.97,Deposit,Branch,Completed,Overdraft fee
TXN001998,ACC0165,CUST0165,BR002,2024-07-31,1669.55,Fee,Mobile,Pending,Overdraft fee
TXN001999,ACC0461,CUST0461,BR002,2022-02-16,19475.83,Transfer,Mobile,Completed,Overdraft fee
TXN002000,ACC0384,CUST0384,BR006,2022-02-19,2320.95,Deposit,ATM,Completed,Loan payment
